,player_id,trade_status,user_team_id,feed_id,first_name,last_name,team,position,round,points,price,total_points,games,total_games,price_change,total_price_change,last_position,round_position,minutes_played,total_minutes_played,updated_at,kicks,total_kicks,handballs,total_handballs,marks,total_marks,tackles,total_tackles,freekicks_for,total_freekicks_for,freekicks_against,total_freekicks_against,hitouts,total_hitouts,goals,total_goals,behinds,total_behinds,avg5,own_raw,avg,avg3,opp,oppavg,opph,opp1,opp1h,opp2,opp2h,opp3,opp3h,ven,venavg,ven1,ven2,ven3,livepts,livegames,owned,points_per_min,total_points_per_min,mvp_value,position_change,coach_id,coach_team_id,coach_first_name,coach_team_name
0,695,owner,714.0,297373,Marcus,Bontempelli,WBD,1,24,116,665800,2907,1,23,-19500,-58800,1,30,105,2403,2024-08-25T11:36:28+10:00,12,315,10,285,0,91,7,127,2,24,0,-18,0,0,1,31,0,20,129.8,4028,126.391,119.333,GWS,108.0,0,,0,,0,,0,Eureka Stadium,105.667,,,,0,0,99.8265,1.1047619047619048,1.2097378277153559,5267.780142573442,0,21562,714,Mark,Need for Sheed
1,706,owner,718.0,1004592,Tim,English,WBD,31,24,103,521900,2376,1,22,-9500,-193200,32,71,106,2337,2024-08-25T11:36:28+10:00,9,197,8,167,7,136,2,82,0,30,-1,-26,18,601,0,13,0,10,102.4,3868,108.0,96.6667,GWS,106.444,0,,0,,0,,0,Eureka Stadium,116.0,,,,0,0,95.8612,0.9716981132075472,1.0166880616174583,4832.407407407408,1,8258,718,Simon,Wilkie Wonka
2,458,owner,714.0,996701,Clayton,Oliver,MEL,114,24,0,404900,1760,0,21,0,-269200,99,415,0,1999,2024-08-25T11:36:30+10:00,0,229,0,258,0,59,0,84,0,20,0,-42,0,0,0,3,0,4,76.8,3473,83.8095,68.3333,COL,107.667,0,,0,,0,,0,Melbourne Cricket Ground,105.056,,,,0,0,86.0719,,0.8804402201100551,4831.194554316635,-15,21562,714,Mark,Need for Sheed
3,20,owner,718.0,293222,Rory,Laird,ADE,30,24,96,516600,2395,1,23,-14300,-136500,31,97,111,2216,2024-08-25T11:36:28+10:00,9,271,19,364,6,83,2,132,0,28,0,-26,0,0,0,2,0,5,100.6,3962,104.13,93.0,SYD,101.231,1,,0,,0,,0,Sydney Cricket Ground,103.167,,,,0,0,98.1908,0.8648648648648649,1.0807761732851986,4961.106309420917,1,8258,718,Simon,Wilkie Wonka
4,197,owner,716.0,992016,Zach,Merrett,ESS,7,24,135,584800,2651,1,23,7400,-65300,6,10,109,2400,2024-08-25T11:36:28+10:00,23,361,14,289,8,99,5,114,1,34,0,-14,0,0,1,14,1,15,115.2,4023,115.261,118.0,BRL,114.846,1,,0,,0,,0,Brisbane Cricket Ground,115.6,,,,0,0,99.7026,1.238532110091743,1.1045833333333333,5073.702293056628,-1,71052,716,James,The Gulden Girls
5,138,owner,719.0,1023261,Nick,Daicos,COL,4,24,186,566700,2695,1,23,22700,-83300,7,1,134,2488,2024-08-25T11:36:28+10:00,25,381,15,324,11,68,1,87,2,39,0,-36,0,0,2,20,1,14,123.2,4025,117.174,122.667,MEL,121.8,1,,0,,0,,0,Melbourne Cricket Ground,103.975,,,,0,0,99.7522,1.3880597014925373,1.0831993569131833,4836.3971529520195,3,45168,719,Luke,He is HIMmelberg
6,717,owner,713.0,290799,Tom,Liberatore,WBD,110,24,112,526900,1772,1,17,13600,-121700,122,44,102,1648,2024-08-25T11:36:28+10:00,8,181,16,222,0,47,5,96,1,23,0,-26,0,0,1,4,1,7,100.0,3863,104.235,110.0,GWS,86.0667,0,,0,,0,,0,Eureka Stadium,109.1,,,,0,0,95.7373,1.0980392156862746,1.075242718446602,5054.923969875762,12,300791,713,Paul,Toby or Not To Be
7,9,owner,719.0,992242,Jordan,Dawson,ADE,43,24,102,534100,2247,1,22,23400,-113500,40,73,106,2303,2024-08-25T11:36:28+10:00,14,365,11,174,2,110,6,134,1,22,0,-27,0,0,1,10,0,6,105.8,3890,102.136,116.667,SYD,98.0,1,,0,,0,,0,Sydney Cricket Ground,81.4074,,,,0,0,96.4064,0.9622641509433962,0.9756838905775076,5229.302106994595,-3,45168,719,Luke,He is HIMmelberg
8,54,owner,720.0,993834,Josh,Dunkley,BRL,12,24,124,545900,2571,1,23,11100,-98100,15,21,110,2420,2024-08-25T11:36:28+10:00,9,288,19,308,4,130,8,143,2,33,0,-16,0,2,0,6,0,6,108.0,3988,111.783,112.333,ESS,107.571,0,,0,,0,,0,Brisbane Cricket Ground,109.625,,,,0,0,98.8352,1.1272727272727272,1.062396694214876,4883.569057906837,3,180650,720,Jordan,StupidSexyFlanders
9,629,owner,720.0,992468,Rowan,Marshall,STK,11,24,120,637300,2576,1,23,12000,-1800,13,27,103,2427,2024-08-25T11:36:28+10:00,13,341,6,136,3,134,2,99,2,44,-1,-50,37,608,1,15,0,8,130.6,3963,112.0,130.667,CAR,107.333,1,,0,,0,,0,Docklands Stadium,103.727,,,,0,0,98.2156,1.1650485436893203,1.061392665842604,5690.178571428572,2,180650,720,Jordan,StupidSexyFlanders
10,425,owner,715.0,297566,James,Sicily,HAW,71,24,102,477200,1978,1,20,-10700,-160200,77,73,118,2239,2024-08-25T11:36:28+10:00,18,306,6,125,7,150,0,25,3,30,0,-18,0,0,2,8,1,5,81.6,3943,98.9,87.3333,NTH,99.9167,0,,0,,0,,0,University of Tasmania Stadium,97.9615,,,,0,0,97.7199,0.864406779661017,0.8834301027244306,4825.075834175935,6,10857,715,Anthony,Colonel Sanders
11,526,owner,713.0,1006121,Zak,Butters,PTA,2,24,115,642500,2770,1,23,16400,6400,2,33,92,2280,2024-08-25T11:36:28+10:00,14,347,14,312,2,116,3,96,2,33,-1,-27,0,0,0,13,2,12,126.4,4018,120.435,134.0,FRE,100.8,1,,0,,0,,0,Perth Stadium,87.6,,,,0,0,99.5787,1.25,1.2149122807017543,5334.827915473076,0,300791,713,Paul,Toby or Not To Be
12,342,owner,720.0,291800,Tom,Stewart,GEE,51,24,33,508500,2127,1,22,-52400,-126800,48,368,40,2171,2024-08-25T11:36:30+10:00,4,340,7,133,2,135,0,66,0,18,-2,-18,0,0,0,1,0,3,94.4,3971,96.6818,71.0,WCE,99.1111,0,,0,,0,,0,Kardinia Park,101.207,,,,0,0,98.4139,0.825,0.9797328420082911,5259.521440436566,-3,180650,720,Jordan,StupidSexyFlanders
13,483,owner,718.0,1002267,Luke,Davies-Uniacke,NTH,18,24,94,568700,2510,1,23,-18300,-66400,18,105,121,2504,2024-08-25T11:36:28+10:00,20,316,6,322,3,85,5,89,0,25,-1,-31,0,0,0,11,0,4,107.2,3966,109.13,101.0,HAW,93.375,1,,0,,0,,0,University of Tasmania Stadium,94.0,,,,0,0,98.29,0.7768595041322314,1.0023961661341854,5211.215980940164,0,8258,718,Simon,Wilkie Wonka
14,663,owner,713.0,1013128,Errol,Gulden,SYD,20,24,118,519000,2484,1,23,-13300,-103100,22,28,100,2586,2024-08-25T11:36:28+10:00,14,462,10,169,4,132,3,81,2,23,-2,-26,0,0,2,15,0,16,98.0,3995,108.0,94.0,ADE,109.4,0,,0,,0,,0,Sydney Cricket Ground,100.703,,,,0,0,99.0087,1.18,0.9605568445475638,4805.555555555556,2,300791,713,Paul,Toby or Not To Be
15,242,owner,713.0,1009420,Caleb,Serong,FRE,6,24,109,560600,2661,1,23,100,-61000,5,54,104,2313,2024-08-25T11:36:28+10:00,10,315,9,361,1,65,10,114,0,33,0,-12,0,0,0,11,3,9,108.2,4011,115.696,109.333,PTA,95.4,0,,0,,0,,0,Perth Stadium,100.712,,,,0,0,99.4052,1.0480769230769231,1.1504539559014266,4845.457059881068,-1,300791,713,Paul,Toby or Not To Be
16,362,owner,719.0,1009528,Tom,Green,GWS,25,24,96,590300,2451,1,23,8000,-31200,23,97,103,2311,2024-08-25T11:36:28+10:00,11,301,26,404,2,73,0,96,0,11,-1,-26,0,0,1,8,0,3,115.8,3965,106.565,119.333,WBD,102.0,1,,0,,0,,0,Eureka Stadium,94.0,,,,0,0,98.2652,0.9320388349514563,1.0605798355690177,5539.342185520574,-2,45168,719,Luke,He is HIMmelberg
17,72,owner,714.0,293535,Lachie,Neale,BRL,8,24,166,593700,2637,1,22,17800,-23300,11,2,109,2352,2024-08-25T11:36:28+10:00,24,304,16,346,7,102,1,70,3,30,0,-27,0,0,1,13,1,4,119.2,3989,119.864,125.333,ESS,125.667,0,,0,,0,,0,Brisbane Cricket Ground,120.935,,,,0,0,98.86,1.5229357798165137,1.121173469387755,4953.113528665821,3,21562,714,Mark,Need for Sheed
18,241,owner,718.0,998659,Luke,Ryan,FRE,5,24,114,565000,2682,1,23,4700,-46800,4,36,103,2606,2024-08-25T11:36:28+10:00,15,466,6,92,6,198,5,47,2,14,-1,-10,0,0,0,0,0,1,107.8,4014,116.609,112.667,PTA,105.889,0,,0,,0,,0,Perth Stadium,105.16,,,,0,0,99.4796,1.1067961165048543,1.029163468917882,4845.252081743261,-1,8258,718,Simon,Wilkie Wonka
19,215,owner,715.0,1002232,Andrew,Brayshaw,FRE,17,24,127,609400,2526,1,23,-3300,500,21,18,104,2333,2024-08-25T11:36:28+10:00,10,305,23,365,7,99,7,116,2,32,-1,-30,0,0,0,7,0,12,125.0,3927,109.826,117.0,PTA,96.4444,0,,0,,0,,0,Perth Stadium,99.1892,,,,0,0,97.3234,1.2211538461538463,1.082726103729104,5548.777156593157,4,10857,715,Anthony,Colonel Sanders
20,350,owner,717.0,1008436,Kieren,Briggs,GWS,55,24,113,526500,2108,1,22,-1900,-82300,62,40,83,2041,2024-08-25T11:36:28+10:00,5,180,9,154,3,43,4,104,2,26,-1,-36,32,677,0,2,0,12,100.8,3475,95.8182,101.667,WBD,80.5,1,,0,,0,,0,Eureka Stadium,108.5,,,,0,0,86.1214,1.3614457831325302,1.032827045565899,5494.780741028322,7,86078,717,Lester,Baby Got Trac
21,93,owner,714.0,1002239,Adam,Cerra,CAR,326,24,0,401500,997,0,12,0,-203900,310,415,0,1066,2024-08-25T11:36:30+10:00,0,130,0,105,0,27,0,44,0,11,0,-8,0,0,0,4,0,3,67.2,3052,83.0833,56.0,STK,81.6667,0,,0,,0,,0,Docklands Stadium,79.9583,,,,0,0,75.6382,,0.9352720450281425,4832.499431293654,-16,21562,714,Mark,Need for Sheed
22,198,owner,714.0,993817,Darcy,Parish,ESS,305,24,81,478900,1072,1,12,-3700,-125300,315,159,101,1107,2024-08-25T11:36:29+10:00,12,146,14,149,6,55,4,52,1,4,0,-10,0,0,0,2,1,4,87.8,3288,89.3333,91.3333,BRL,84.5,1,,0,,0,,0,Brisbane Cricket Ground,86.3333,,,,0,0,81.487,0.801980198019802,0.9683830171635049,5360.822895829439,10,21562,714,Mark,Need for Sheed
23,730,owner,718.0,291790,Adam,Treloar,WBD,13,24,84,620400,2565,1,22,-34100,18600,9,145,89,2274,2024-08-25T11:36:29+10:00,11,333,13,364,3,72,6,105,1,21,-1,-20,0,0,0,15,0,6,120.6,3946,116.591,102.667,GWS,106.0,0,,0,,0,,0,Eureka Stadium,107.167,,,,0,0,97.7943,0.9438202247191011,1.1279683377308707,5321.1654415864,-4,8258,718,Simon,Wilkie Wonka
24,552,owner,715.0,1001299,Connor,Rozee,PTA,76,24,78,512300,1965,1,20,-13300,-88900,72,172,95,1965,2024-08-25T11:36:29+10:00,12,302,7,188,3,90,3,82,2,25,0,-15,0,0,0,11,0,15,91.8,3889,98.25,92.6667,FRE,71.75,1,,0,,0,,0,Perth Stadium,68.8333,,,,0,0,96.3817,0.8210526315789474,1.0,5214.249363867684,-4,10857,715,Anthony,Colonel Sanders
25,639,owner,713.0,994389,Jack,Sinclair,STK,26,24,111,594700,2418,1,22,-17300,-1600,30,47,106,2255,2024-08-25T11:36:28+10:00,20,394,8,202,8,117,2,65,2,14,0,-5,0,0,0,7,0,4,112.2,3987,109.909,106.667,CAR,96.8889,1,,0,,0,,0,Docklands Stadium,90.4271,,,,0,0,98.8104,1.0471698113207548,1.0722838137472284,5410.839876625208,4,300791,713,Paul,Toby or Not To Be
26,601,owner,718.0,998172,Tim,Taranto,RIC,214,24,105,450300,1418,1,15,-9000,-145800,234,66,95,1467,2024-08-25T11:36:28+10:00,13,185,17,190,8,53,14,80,1,18,-3,-15,0,0,0,6,0,10,80.8,3561,94.5333,83.0,GCS,91.2,0,,0,,0,,0,Melbourne Cricket Ground,101.242,,,,0,0,88.2528,1.105263157894737,0.9665985003408316,4763.400833357135,20,8258,718,Simon,Wilkie Wonka
27,301,owner,717.0,291975,Jarrod,Witts,GCS,124,24,121,578400,1726,1,16,-8800,-14800,134,25,102,1617,2024-08-25T11:36:28+10:00,5,113,14,109,2,39,3,63,2,27,-2,-21,46,600,1,8,0,3,116.4,3611,107.875,108.0,RIC,97.4,1,,0,,0,,0,Melbourne Cricket Ground,78.4839,,,,0,0,89.4919,1.1862745098039216,1.067408781694496,5361.761297798378,10,86078,717,Lester,Baby Got Trac
28,537,owner,714.0,994295,Dan,Houston,PTA,32,24,0,526800,2350,0,22,0,-66300,24,415,0,2289,2024-08-25T11:36:30+10:00,0,368,0,139,0,118,0,77,0,20,0,-14,0,0,0,7,0,4,103.6,3926,106.818,110.333,FRE,85.2,1,,0,,0,,0,Perth Stadium,80.7143,,,,0,0,97.2986,,1.0266491917868064,4931.753075324384,-8,21562,714,Mark,Need for Sheed
29,221,owner,718.0,998145,Sean,Darcy,FRE,276,24,0,506800,1179,0,12,0,-82600,264,415,0,1049,2024-08-25T11:36:30+10:00,0,63,0,86,0,19,0,36,0,19,0,-20,0,374,0,6,0,2,88.0,3322,98.25,102.667,PTA,92.75,0,,0,,0,,0,Perth Stadium,99.3148,,,,0,0,82.3296,,1.1239275500476644,5158.269720101781,-12,8258,718,Simon,Wilkie Wonka
30,257,owner,715.0,1009199,Noah,Anderson,GCS,22,24,128,526400,2454,1,23,23600,-59900,26,16,101,2456,2024-08-25T11:36:28+10:00,20,361,10,304,9,109,3,71,1,26,0,-8,0,0,1,13,0,8,104.8,3861,106.696,115.333,RIC,134.8,1,,0,,0,,0,Melbourne Cricket Ground,110.0,,,,0,0,95.6877,1.2673267326732673,0.999185667752443,4933.64324810677,4,10857,715,Anthony,Colonel Sanders
31,443,owner,713.0,290528,Max,Gawn,MEL,10,24,122,637600,2607,1,21,14500,53900,8,23,140,2215,2024-08-25T11:36:28+10:00,15,235,5,166,5,110,2,54,3,48,0,-24,25,713,0,11,0,9,124.6,4004,124.143,132.0,COL,102.5,0,,0,,0,,0,Melbourne Cricket Ground,111.919,,,,0,0,99.2317,0.8714285714285714,1.1769751693002257,5136.012501711735,-2,300791,713,Paul,Toby or Not To Be
32,590,owner,716.0,298174,Toby,Nankervis,RIC,36,24,106,556700,2315,1,21,-20800,-26400,35,63,95,2066,2024-08-25T11:36:28+10:00,6,162,9,174,4,69,6,111,1,33,-1,-36,21,684,0,2,0,6,100.0,3682,110.238,97.3333,GCS,69.6667,0,,0,,0,,0,Melbourne Cricket Ground,96.9178,,,,0,0,91.2515,1.1157894736842104,1.1205227492739593,5049.982764563943,-1,71052,716,James,The Gulden Girls
33,126,owner,720.0,1006094,Sam,Walsh,CAR,63,24,139,525600,2059,1,19,11600,-51200,67,9,99,1916,2024-08-25T11:36:28+10:00,14,258,18,282,4,58,8,130,0,17,0,-24,0,0,0,5,0,9,107.2,3866,108.368,108.667,STK,107.429,0,,0,,0,,0,Docklands Stadium,107.632,,,,0,0,95.8116,1.404040404040404,1.0746346555323592,4850.14026280821,4,180650,720,Jordan,StupidSexyFlanders
34,762,owner,717.0,295898,Tim,Kelly,WCE,89,24,87,496100,1909,1,20,-16900,-78000,88,131,115,2026,2024-08-25T11:36:29+10:00,13,240,12,238,3,55,3,97,2,20,-4,-28,0,0,0,4,0,9,99.0,3392,95.45,87.6667,GEE,91.6,1,,0,,0,,0,Kardinia Park,93.5455,,,,0,0,84.0644,0.7565217391304347,0.9422507403751234,5197.485594552121,-1,86078,717,Lester,Baby Got Trac
35,293,owner,714.0,1009208,Matt,Rowell,GCS,33,24,113,482400,2349,1,23,7400,-89400,34,40,105,2307,2024-08-25T11:36:28+10:00,12,244,17,294,4,32,9,184,4,55,0,-34,0,0,0,8,0,3,102.6,3799,102.13,98.0,RIC,105.6,1,,0,,0,,0,Melbourne Cricket Ground,101.333,,,,0,0,94.1512,1.0761904761904761,1.0182054616384915,4723.391755605601,1,21562,714,Mark,Need for Sheed
36,355,owner,720.0,291969,Stephen,Coniglio,GWS,313,24,31,360100,1032,1,13,-28300,-208300,308,374,97,1273,2024-08-25T11:36:30+10:00,8,159,11,141,0,25,0,45,2,15,-1,-19,0,0,0,4,0,4,64.0,2839,79.3846,55.0,WBD,91.2857,1,,0,,0,,0,Eureka Stadium,76.5,,,,0,0,70.3594,0.31958762886597936,0.8106834249803614,4536.144289950444,-5,180650,720,Jordan,StupidSexyFlanders
37,372,owner,718.0,296347,Josh,Kelly,GWS,186,24,85,492700,1499,1,15,-14300,-75300,196,141,117,1571,2024-08-25T11:36:29+10:00,18,202,8,164,3,64,3,56,0,6,-2,-10,0,0,1,16,0,6,89.8,3320,99.9333,88.3333,WBD,86.7143,1,,0,,0,,0,Eureka Stadium,97.3333,,,,0,0,82.2801,0.7264957264957265,0.954169318905156,4930.288502431122,10,8258,718,Simon,Wilkie Wonka
38,690,owner,717.0,1012014,Chad,Warner,SYD,37,24,114,505000,2285,1,22,38300,-55300,37,36,88,2236,2024-08-25T11:36:28+10:00,15,310,7,208,3,90,1,75,0,17,-1,-27,0,0,1,32,1,17,96.8,3696,103.864,119.0,ADE,95.4,0,,0,,0,,0,Sydney Cricket Ground,96.2051,,,,0,0,91.5985,1.2954545454545454,1.0219141323792487,4862.127397365786,0,86078,717,Lester,Baby Got Trac
39,120,owner,714.0,297907,Nic,Newman,CAR,34,24,132,553000,2334,1,23,11700,-6900,36,12,115,2567,2024-08-25T11:36:28+10:00,28,398,7,144,16,189,2,88,1,24,-1,-25,0,0,0,1,0,3,114.0,3841,101.478,114.0,STK,102.333,0,,0,,0,,0,Docklands Stadium,91.0,,,,0,0,95.1921,1.1478260869565218,0.9092325671990651,5449.457025168017,2,21562,714,Mark,Need for Sheed
40,474,owner,716.0,291902,Jack,Viney,MEL,66,24,34,424300,2024,1,23,8600,-135300,63,365,131,2215,2024-08-25T11:36:30+10:00,5,258,6,225,2,60,5,143,1,31,0,-21,0,0,0,10,0,4,80.6,3212,88.0,87.3333,COL,86.0667,0,,0,,0,,0,Melbourne Cricket Ground,88.1509,,,,0,0,79.6035,0.2595419847328244,0.9137697516930022,4821.590909090909,-3,71052,716,James,The Gulden Girls
41,509,owner,715.0,1023518,Harry,Sheezel,NTH,21,24,0,637900,2477,0,21,0,81700,10,415,0,2241,2024-08-25T11:36:30+10:00,0,330,0,296,0,133,0,80,0,14,0,-15,0,0,0,14,0,1,120.0,3879,117.952,129.0,HAW,111.0,1,,0,,0,,0,University of Tasmania Stadium,120.0,,,,0,0,96.1338,,1.1053101294065149,5408.132121540966,-11,10857,715,Anthony,Colonel Sanders
42,137,owner,718.0,1005054,Josh,Daicos,COL,62,24,140,487800,2060,1,23,33400,-66000,67,7,140,2574,2024-08-25T11:36:28+10:00,21,327,19,246,10,120,1,74,1,28,0,-9,0,0,0,7,1,9,104.0,3149,89.5652,113.0,MEL,67.2,1,,0,,0,,0,Melbourne Cricket Ground,80.9552,,,,0,0,78.0421,1,0.8003108003108003,5446.31173714791,5,8258,718,Simon,Wilkie Wonka
43,598,owner,716.0,992049,Jayden,Short,RIC,103,24,115,465800,1806,1,22,22700,-85400,117,33,101,2058,2024-08-25T11:36:28+10:00,20,384,5,98,6,110,3,25,0,9,0,-9,0,0,0,1,0,4,96.6,2828,82.0909,103.0,GCS,94.0,0,,0,,0,,0,Melbourne Cricket Ground,84.2556,,,,0,0,70.0867,1.1386138613861385,0.8775510204081632,5674.197749080592,14,71052,716,James,The Gulden Girls
44,418,owner,720.0,1020895,Jai,Newcombe,HAW,39,24,140,564600,2261,1,23,39100,15400,43,7,113,2322,2024-08-25T11:36:28+10:00,12,238,23,315,5,85,1,101,2,29,-2,-41,0,0,1,10,0,4,119.6,3335,98.3043,131.0,NTH,118.5,0,,0,,0,,0,University of Tasmania Stadium,106.643,,,,0,0,82.6518,1.238938053097345,0.9737295434969854,5743.390675687635,4,180650,720,Jordan,StupidSexyFlanders
45,230,owner,719.0,1009399,Luke,Jackson,FRE,48,24,90,422900,2174,1,23,4800,-124100,49,120,98,2331,2024-08-25T11:36:29+10:00,5,132,8,243,2,61,4,72,5,25,-2,-29,5,375,1,21,1,16,75.2,3959,94.5217,85.0,PTA,84.0,0,,0,,0,,0,Perth Stadium,96.3704,,,,0,0,98.1165,0.9183673469387755,0.9326469326469327,4474.104888083901,1,45168,719,Luke,He is HIMmelberg
46,286,owner,718.0,298272,Touk,Miller,GCS,96,24,100,448500,1846,1,18,-20000,-97000,102,80,91,1756,2024-08-25T11:36:28+10:00,15,217,16,257,5,58,2,87,2,23,-2,-22,0,0,0,4,0,7,89.2,3460,102.556,76.6667,RIC,92.1,1,,0,,0,,0,Melbourne Cricket Ground,86.1111,,,,0,0,85.7497,1.098901098901099,1.05125284738041,4373.220484418269,6,8258,718,Simon,Wilkie Wonka
47,97,owner,719.0,990704,Patrick,Cripps,CAR,15,24,106,574200,2541,1,23,-1000,29200,16,63,109,2404,2024-08-25T11:36:28+10:00,12,255,18,406,4,62,9,126,3,48,-2,-45,0,19,0,16,0,6,109.0,3801,110.478,111.333,STK,115.692,0,,0,,0,,0,Docklands Stadium,102.646,,,,0,0,94.2007,0.9724770642201835,1.0569883527454242,5197.414869928855,1,45168,719,Luke,He is HIMmelberg
48,397,owner,719.0,1008550,Will,Day,HAW,199,24,0,413100,1459,0,16,0,-131400,175,415,0,1396,2024-08-25T11:36:30+10:00,0,146,0,163,0,43,0,74,0,16,0,-14,0,0,0,3,0,4,68.6,3285,91.1875,34.3333,NTH,96.6667,0,,0,,0,,0,University of Tasmania Stadium,89.1818,,,,0,0,81.4126,,1.0451289398280803,4530.2261823166555,-24,45168,719,Luke,He is HIMmelberg
49,682,owner,718.0,290778,Luke,Parker,SYD,468,24,102,412900,496,1,7,23400,-128400,490,73,103,581,2024-08-25T11:36:28+10:00,10,58,9,49,6,24,0,15,1,7,-1,-6,0,0,3,11,1,2,74.0,1951,70.8571,93.0,ADE,94.7143,0,,0,,0,,0,Sydney Cricket Ground,97.9826,,,,0,0,48.3519,0.9902912621359223,0.8537005163511188,5827.221266464476,22,8258,718,Simon,Wilkie Wonka
50,566,owner,713.0,993993,Shai,Bolton,RIC,131,24,49,341400,1699,1,22,-12200,-199300,125,301,109,2347,2024-08-25T11:36:29+10:00,6,218,7,151,7,83,3,57,0,14,-2,-20,0,0,1,34,1,26,60.2,3513,77.2273,60.0,GCS,83.5,0,,0,,0,,0,Melbourne Cricket Ground,79.3284,,,,0,0,87.0632,0.44954128440366975,0.7239028547081381,4420.716508281398,-6,300791,713,Paul,Toby or Not To Be
51,139,owner,715.0,994185,Jordan,De Goey,COL,307,24,0,444300,1066,0,13,0,-95600,292,415,0,1331,2024-08-25T11:36:30+10:00,0,145,0,126,0,50,0,46,0,14,0,-22,0,0,0,10,0,9,83.8,2442,82.0,82.0,MEL,82.3,1,,0,,0,,0,Melbourne Cricket Ground,82.8351,,,,0,0,60.5204,,0.8009015777610818,5418.292682926829,-15,10857,715,Anthony,Colonel Sanders
52,27,owner,714.0,297523,Reilly,O'Brien,ADE,77,24,92,521600,1959,1,21,-20400,-13700,80,114,100,2251,2024-08-25T11:36:29+10:00,6,132,5,110,3,49,2,77,1,17,-1,-30,38,898,0,2,1,3,102.6,3047,93.2857,90.6667,SYD,92.0,1,,0,,0,,0,Sydney Cricket Ground,81.3333,,,,0,0,75.5143,0.92,0.8702798756108396,5591.425052285613,3,21562,714,Mark,Need for Sheed
53,671,owner,715.0,295342,Jake,Lloyd,SYD,91,24,79,427800,1897,1,23,-2000,-107500,89,168,112,2395,2024-08-25T11:36:29+10:00,13,274,4,167,7,136,3,41,0,14,0,-7,0,0,0,4,0,1,83.8,3018,82.4783,82.3333,ADE,85.3636,0,,0,,0,,0,Sydney Cricket Ground,93.951,,,,0,0,74.7955,0.7053571428571429,0.7920668058455115,5186.818835984737,-2,10857,715,Anthony,Colonel Sanders
54,68,owner,715.0,1005521,Oscar,McInerney,BRL,53,24,99,507700,2112,1,22,-2300,-19700,58,86,98,2283,2024-08-25T11:36:28+10:00,8,154,10,134,3,40,2,68,1,39,0,-17,34,723,0,8,0,3,101.2,2854,96.0,97.6667,ESS,80.875,0,,0,,0,,0,Brisbane Cricket Ground,84.8592,,,,0,0,70.7311,1.010204081632653,0.9250985545335085,5288.541666666667,5,10857,715,Anthony,Colonel Sanders
55,645,owner,719.0,296422,Callum,Wilkie,STK,54,24,58,532300,2110,1,23,13500,5700,52,263,122,2774,2024-08-25T11:36:29+10:00,4,270,7,132,2,178,0,31,2,13,-1,-15,0,0,0,0,0,0,101.4,3297,91.7391,111.0,CAR,71.375,1,,0,,0,,0,Docklands Stadium,83.4462,,,,0,0,81.71,0.47540983606557374,0.7606344628695025,5802.324199823194,-2,45168,719,Luke,He is HIMmelberg
56,163,owner,713.0,260257,Scott,Pendlebury,COL,123,24,102,439900,1729,1,20,-16200,-85200,132,73,115,1860,2024-08-25T11:36:28+10:00,16,220,7,194,8,62,1,79,0,20,0,-11,0,0,0,7,0,4,91.0,2594,86.45,77.0,MEL,100.958,1,,0,,0,,0,Melbourne Cricket Ground,106.817,,,,0,0,64.2875,0.8869565217391304,0.9295698924731183,5088.49045691151,9,300791,713,Paul,Toby or Not To Be
57,255,owner,717.0,1009256,Hayden,Young,FRE,35,24,94,538500,2331,1,23,-22300,13400,33,105,79,2078,2024-08-25T11:36:28+10:00,12,301,7,247,1,76,3,123,2,19,-1,-29,0,0,0,13,1,10,104.2,3801,101.348,93.0,PTA,84.0,0,,0,,0,,0,Perth Stadium,94.2308,,,,0,0,94.2007,1.1898734177215189,1.1217516843118382,5313.375695623002,-2,86078,717,Lester,Baby Got Trac
58,67,owner,715.0,1000978,Hugh,McCluggage,BRL,40,24,95,490900,2256,1,23,-8100,-32900,38,102,97,2361,2024-08-25T11:36:28+10:00,12,349,17,222,6,123,3,73,0,26,0,-18,0,0,0,17,1,13,96.0,3337,98.087,91.3333,ESS,90.1111,0,,0,,0,,0,Brisbane Cricket Ground,93.5732,,,,0,0,82.7014,0.979381443298969,0.9555273189326556,5004.7406893879925,-2,10857,715,Anthony,Colonel Sanders
59,648,owner,715.0,295340,Mason,Wood,STK,205,24,76,375300,1442,1,18,8400,-144200,215,183,112,1806,2024-08-25T11:36:29+10:00,13,215,3,115,8,133,2,35,0,6,0,-13,0,0,2,16,0,9,67.8,2473,80.1111,77.6667,CAR,78.6667,1,,0,,0,,0,Docklands Stadium,75.0882,,,,0,0,61.2887,0.6785714285714286,0.7984496124031008,4684.744061684336,10,10857,715,Anthony,Colonel Sanders
60,389,owner,717.0,294305,Lachie,Whitfield,GWS,14,24,153,624300,2553,1,23,-5500,105300,20,4,107,2348,2024-08-25T11:36:28+10:00,29,459,13,252,9,168,3,62,1,19,-2,-28,0,0,0,0,0,1,128.2,3836,111.0,118.667,WBD,102.308,1,,0,,0,,0,Eureka Stadium,107.333,,,,0,0,95.0682,1.4299065420560748,1.0873083475298126,5624.324324324324,6,86078,717,Lester,Baby Got Trac
61,133,owner,715.0,990291,Darcy,Cameron,COL,26,24,92,639600,2418,1,23,16700,124400,26,114,133,2349,2024-08-25T11:36:29+10:00,7,230,6,129,5,106,3,65,2,44,-3,-33,16,673,2,11,0,2,124.2,3273,105.13,133.667,MEL,84.0,1,,0,,0,,0,Melbourne Cricket Ground,88.22,,,,0,0,81.1152,0.6917293233082706,1.029374201787995,6083.896128602682,0,10857,715,Anthony,Colonel Sanders
62,603,owner,714.0,294674,Nick,Vlastuin,RIC,67,24,111,454700,2009,1,22,13000,-60000,69,47,108,2404,2024-08-25T11:36:28+10:00,21,322,5,121,8,149,1,49,2,29,0,-29,0,0,0,0,0,0,95.2,3279,91.3182,95.6667,GCS,92.4545,0,,0,,0,,0,Melbourne Cricket Ground,85.958,,,,0,0,81.2639,1.0277777777777777,0.8356905158069884,4979.292189289758,2,21562,714,Mark,Need for Sheed
63,289,owner,716.0,1007881,Wil,Powell,GCS,153,24,70,428700,1594,1,18,-25900,-84800,152,204,99,1850,2024-08-25T11:36:29+10:00,6,220,9,112,2,97,4,42,1,14,-1,-9,0,0,0,2,0,3,76.8,3065,88.5556,69.6667,RIC,78.7143,1,,0,,0,,0,Melbourne Cricket Ground,70.75,,,,0,0,75.9604,0.7070707070707071,0.8616216216216216,4841.026428594013,-1,71052,716,James,The Gulden Girls
64,304,owner,714.0,296733,Mark,Blicavs,GEE,185,24,97,373700,1500,1,22,12800,-138100,202,91,124,2307,2024-08-25T11:36:28+10:00,8,146,13,171,6,68,2,83,1,12,0,-21,2,214,0,4,0,6,75.2,1770,68.1818,79.6667,WCE,94.6667,0,,0,,0,,0,Kardinia Park,86.6744,,,,0,0,43.8662,0.782258064516129,0.6501950585175552,5480.9347949159455,17,21562,714,Mark,Need for Sheed
65,363,owner,715.0,295344,Toby,Greene,GWS,118,24,76,395300,1741,1,22,-31700,-113300,121,183,113,2509,2024-08-25T11:36:29+10:00,10,239,1,103,3,98,5,53,2,22,-1,-39,0,0,2,41,3,30,77.6,3619,79.1364,60.0,WBD,104.857,1,,0,,0,,0,Eureka Stadium,86.6667,,,,0,0,89.6902,0.672566371681416,0.6939019529693105,4995.1728913622555,3,10857,715,Anthony,Colonel Sanders
66,415,owner,713.0,1006314,Dylan,Moore,HAW,42,24,107,536400,2248,1,23,18200,27800,41,58,123,2478,2024-08-25T11:36:28+10:00,8,258,4,196,4,120,8,89,2,44,-1,-12,0,0,4,35,3,16,106.4,3880,97.7391,114.333,NTH,95.625,0,,0,,0,,0,University of Tasmania Stadium,85.8824,,,,0,0,96.1586,0.8699186991869918,0.9071832122679581,5488.080000736655,-1,300791,713,Paul,Toby or Not To Be
67,200,owner,715.0,997078,Mason,Redman,ESS,95,24,93,482500,1854,1,21,11700,-25300,98,109,93,2075,2024-08-25T11:36:29+10:00,19,339,3,104,9,127,2,35,2,17,0,-6,0,0,0,2,0,4,95.6,3001,88.2857,100.333,BRL,81.4286,1,,0,,0,,0,Brisbane Cricket Ground,89.6,,,,0,0,74.3742,1,0.8934939759036145,5465.211240325443,3,10857,715,Anthony,Colonel Sanders
68,702,owner,713.0,996708,Bailey,Dale,WBD,41,24,126,464000,2254,1,23,-14500,-43600,42,20,105,2367,2024-08-25T11:36:28+10:00,18,405,9,171,3,143,2,34,2,10,0,-13,0,0,1,5,0,7,90.6,3565,98.0,82.6667,GWS,73.5385,0,,0,,0,,0,Eureka Stadium,107.273,,,,0,0,88.3519,1.2,0.9522602450359104,4734.693877551021,1,300791,713,Paul,Toby or Not To Be
69,315,owner,716.0,281065,Mitch,Duncan,GEE,162,24,40,338800,1571,1,20,-56000,-165900,148,339,116,1900,2024-08-25T11:36:30+10:00,9,267,5,122,1,118,2,37,2,7,0,-10,0,0,0,3,0,7,52.6,2600,78.55,36.0,WCE,87.25,0,,0,,0,,0,Kardinia Park,95.7551,,,,0,0,64.4362,0.3448275862068966,0.8268421052631579,4313.176320814768,-14,71052,716,James,The Gulden Girls
70,749,owner,715.0,298268,Liam,Duggan,WCE,102,24,42,370100,1808,1,21,-27600,-133400,97,330,92,2149,2024-08-25T11:36:30+10:00,7,347,1,105,0,139,2,56,0,13,-1,-19,0,0,0,2,0,3,58.0,2913,86.0952,57.3333,GEE,73.8,1,,0,,0,,0,Kardinia Park,64.1667,,,,0,0,72.1933,0.45652173913043476,0.8413215449046068,4298.729778199016,-5,10857,715,Anthony,Colonel Sanders
71,432,owner,716.0,1002222,James,Worpel,HAW,68,24,61,431400,2008,1,23,5500,-71300,64,240,107,2158,2024-08-25T11:36:29+10:00,12,258,8,249,2,47,4,99,0,14,-1,-28,0,0,0,6,0,9,76.0,2714,87.3043,87.0,NTH,87.8889,0,,0,,0,,0,University of Tasmania Stadium,82.7778,,,,0,0,67.2615,0.5700934579439252,0.9304911955514366,4941.337368262502,-4,71052,716,James,The Gulden Girls
72,124,owner,713.0,295461,Adam,Saad,CAR,190,24,114,470700,1477,1,17,7300,-30000,217,36,89,1635,2024-08-25T11:36:28+10:00,12,208,9,106,1,68,2,39,1,11,0,-3,0,0,0,1,0,1,93.6,2573,86.8824,95.6667,STK,82.0,0,,0,,0,,0,Docklands Stadium,80.3137,,,,0,0,63.767,1.2808988764044944,0.9033639143730887,5417.668020220435,27,300791,713,Paul,Toby or Not To Be
73,652,owner,716.0,1006028,Nick,Blakey,SYD,44,24,127,477500,2242,1,23,17200,-22100,44,18,112,2392,2024-08-25T11:36:28+10:00,25,376,7,115,14,138,1,28,0,15,-2,-16,0,0,2,5,0,4,94.6,3544,97.4783,102.333,ADE,77.0,0,,0,,0,,0,Sydney Cricket Ground,78.0196,,,,0,0,87.8315,1.1339285714285714,0.9372909698996655,4898.526133508688,0,71052,716,James,The Gulden Girls
74,136,owner,715.0,293871,Jack,Crisp,COL,69,24,70,434500,2005,1,23,600,-64100,65,204,93,2232,2024-08-25T11:36:29+10:00,9,240,11,227,3,65,0,124,0,17,0,-21,0,0,1,14,1,8,80.0,2884,87.1739,85.0,MEL,84.7647,1,,0,,0,,0,Melbourne Cricket Ground,88.7054,,,,0,0,71.4746,0.7526881720430108,0.8982974910394266,4984.290022587035,-4,10857,715,Anthony,Colonel Sanders
75,44,owner,714.0,996059,Harris,Andrews,BRL,98,24,82,386300,1835,1,22,-14800,-111600,101,156,114,2645,2024-08-25T11:36:29+10:00,7,214,8,81,6,168,1,31,1,18,0,-18,0,0,0,0,0,0,78.0,2697,83.4091,67.3333,ESS,88.1818,0,,0,,0,,0,Brisbane Cricket Ground,80.6042,,,,0,0,66.8401,0.7192982456140351,0.6937618147448015,4631.389140993009,3,21562,714,Mark,Need for Sheed
76,273,owner,720.0,1009260,Sam,Flanders,GCS,9,24,161,594200,2619,1,22,16400,100000,12,3,100,2257,2024-08-25T11:36:28+10:00,8,380,21,300,3,122,6,50,1,27,-1,-11,0,0,2,11,2,5,121.2,3968,119.045,124.667,RIC,80.4,1,,0,,0,,0,Melbourne Cricket Ground,105.0,,,,0,0,98.3395,1.61,1.1603898980948162,4991.389810575833,3,180650,720,Jordan,StupidSexyFlanders
77,193,owner,715.0,1012013,Nic,Martin,ESS,28,24,97,576400,2416,1,23,15400,83600,29,91,125,2691,2024-08-25T11:36:28+10:00,16,418,12,232,11,153,2,54,0,11,0,-13,0,0,1,15,1,11,112.2,3677,105.043,120.667,BRL,77.6667,1,,0,,0,,0,Brisbane Cricket Ground,77.6667,,,,0,0,91.1276,0.776,0.8978075065031587,5487.276639090658,1,10857,715,Anthony,Colonel Sanders
78,7,owner,719.0,297401,Matt,Crouch,ADE,157,24,86,524600,1583,1,15,-7300,33800,161,133,92,1337,2024-08-25T11:36:29+10:00,9,155,19,294,1,62,2,79,1,23,-1,-17,0,0,0,0,0,2,96.6,2928,105.533,98.3333,SYD,71.5,1,,0,,0,,0,Sydney Cricket Ground,68.6667,,,,0,0,72.5651,0.9347826086956522,1.1839940164547493,4970.956951853922,4,45168,719,Luke,He is HIMmelberg
79,312,owner,713.0,270917,Patrick,Dangerfield,GEE,275,24,100,434500,1180,1,14,16100,-55800,288,80,94,1250,2024-08-25T11:36:28+10:00,16,176,9,98,9,48,2,59,3,18,-1,-19,0,1,1,7,0,6,85.4,2315,84.2857,93.3333,WCE,110.176,0,,0,,0,,0,Kardinia Park,110.641,,,,0,0,57.373,1.0638297872340425,0.944,5155.085619506037,13,300791,713,Paul,Toby or Not To Be
80,530,owner,718.0,280711,Charlie,Dixon,PTA,267,24,0,411500,1208,0,16,0,-78600,257,415,0,1670,2024-08-25T11:36:30+10:00,0,95,0,77,0,60,0,25,0,17,0,-16,0,108,0,23,0,17,86.8,1820,75.5,88.6667,FRE,84.1538,1,,0,,0,,0,Perth Stadium,69.0,,,,0,0,45.1053,,0.7233532934131737,5450.3311258278145,-10,8258,718,Simon,Wilkie Wonka
81,87,owner,713.0,296294,Blake,Acres,CAR,65,24,110,460100,2044,1,22,4300,-28900,66,51,104,2377,2024-08-25T11:36:28+10:00,16,279,3,212,9,133,2,64,0,12,0,-21,0,0,2,12,2,12,84.6,2768,92.9091,92.0,STK,75.8333,0,,0,,0,,0,Docklands Stadium,79.5303,,,,0,0,68.5998,1.0576923076923077,0.8599074463609592,4952.152157323664,1,300791,713,Paul,Toby or Not To Be
82,594,owner,720.0,1000981,Daniel,Rioli,RIC,50,24,107,516400,2136,1,23,19300,30700,56,58,101,2376,2024-08-25T11:36:28+10:00,19,289,11,247,5,91,5,68,0,11,-1,-11,0,0,2,6,0,1,97.2,2979,92.8696,111.0,GCS,82.7778,0,,0,,0,,0,Melbourne Cricket Ground,72.5579,,,,0,0,73.829,1.0594059405940595,0.898989898989899,5560.484808807188,6,180650,720,Jordan,StupidSexyFlanders
83,194,owner,718.0,998102,Andrew,McGrath,ESS,46,24,129,491100,2194,1,23,28400,5600,51,15,102,2346,2024-08-25T11:36:28+10:00,19,311,15,214,3,108,0,62,0,19,0,-7,0,0,0,1,0,0,99.6,3193,95.3913,111.0,BRL,84.2,1,,0,,0,,0,Brisbane Cricket Ground,86.375,,,,0,0,79.1326,1.2647058823529411,0.9352088661551577,5148.268238298461,5,8258,718,Simon,Wilkie Wonka
84,666,owner,716.0,298539,Isaac,Heeney,SYD,23,24,0,524700,2452,0,21,0,41000,14,415,0,2139,2024-08-25T11:36:30+10:00,0,288,0,246,0,92,0,101,0,40,0,-18,0,0,0,28,0,19,98.0,3929,116.762,112.0,ADE,106.8,0,,0,,0,,0,Sydney Cricket Ground,91.3333,,,,0,0,97.373,,1.1463300607760636,4493.756530378034,-9,71052,716,James,The Gulden Girls
85,390,owner,718.0,297354,Karl,Amon,HAW,55,24,75,505100,2108,1,23,-200,21800,54,189,104,2290,2024-08-25T11:36:29+10:00,10,390,4,119,2,137,1,43,0,10,0,-9,0,0,0,4,0,2,100.2,2793,91.6522,98.3333,NTH,90.9,0,,0,,0,,0,University of Tasmania Stadium,99.0,,,,0,0,69.2193,0.7211538461538461,0.9205240174672489,5511.0515623192905,-1,8258,718,Simon,Wilkie Wonka
86,662,owner,719.0,293957,Brodie,Grundy,SYD,23,24,110,469400,2452,1,23,-7800,-12500,25,51,95,2194,2024-08-25T11:36:28+10:00,8,159,7,256,1,50,4,114,3,45,-1,-52,26,735,0,2,0,3,89.4,3753,106.609,87.3333,ADE,111.6,0,,0,,0,,0,Sydney Cricket Ground,121.062,,,,0,0,93.0112,1.1578947368421053,1.1175934366453966,4403.0053747807415,2,45168,719,Luke,He is HIMmelberg
87,725,owner,720.0,1008280,Ed,Richards,WBD,73,24,107,514300,1971,1,20,7600,32500,81,58,100,1972,2024-08-25T11:36:28+10:00,15,264,14,162,3,93,4,77,0,14,-2,-25,0,0,2,11,1,12,98.8,3199,98.55,104.333,GWS,83.7143,0,,0,,0,,0,Eureka Stadium,69.4444,,,,0,0,79.2813,1.07,0.9994929006085193,5218.670725520041,8,180650,720,Jordan,StupidSexyFlanders
88,403,owner,719.0,993794,Blake,Hardwick,HAW,120,24,77,431500,1735,1,23,-12000,-50100,124,178,123,2559,2024-08-25T11:36:29+10:00,7,225,3,112,1,102,4,58,1,17,-1,-16,0,0,0,13,0,5,86.0,2132,75.4348,77.6667,NTH,77.0,0,,0,,0,,0,University of Tasmania Stadium,76.0,,,,0,0,52.8377,0.6260162601626016,0.677999218444705,5720.171591891276,4,45168,719,Luke,He is HIMmelberg
89,86,owner,717.0,261224,Dayne,Zorko,BRL,16,24,108,574700,2540,1,23,-1800,94100,17,56,104,2393,2024-08-25T11:36:28+10:00,19,476,9,123,10,189,2,72,0,19,-1,-20,0,0,0,7,0,6,113.4,3899,110.435,111.0,ESS,100.0,0,,0,,0,,0,Brisbane Cricket Ground,103.962,,,,0,0,96.6295,1.0384615384615385,1.0614291684078563,5203.966133924933,1,86078,717,Lester,Baby Got Trac
90,417,owner,720.0,1007124,Conor,Nash,HAW,115,24,53,412100,1758,1,23,-14900,-68500,113,285,64,2082,2024-08-25T11:36:29+10:00,8,195,4,243,0,58,3,122,3,22,0,-32,0,31,0,1,1,4,75.6,1543,76.4348,72.3333,NTH,71.125,0,,0,,0,,0,University of Tasmania Stadium,80.7059,,,,0,0,38.2404,0.828125,0.8443804034582133,5391.523232872985,-2,180650,720,Jordan,StupidSexyFlanders
91,531,owner,716.0,1000972,Willem,Drew,PTA,61,24,52,482300,2082,1,23,-47200,5300,55,290,97,2266,2024-08-25T11:36:29+10:00,8,248,4,199,1,84,8,145,2,25,-1,-22,0,0,1,4,0,6,96.2,2721,90.5217,68.6667,FRE,72.1667,1,,0,,0,,0,Perth Stadium,77.4,,,,0,0,67.4349,0.5360824742268041,0.9187996469549867,5328.004224401442,-6,71052,716,James,The Gulden Girls
92,168,owner,714.0,280965,Steele,Sidebottom,COL,139,24,108,414200,1657,1,22,22900,-62500,143,56,128,2354,2024-08-25T11:36:28+10:00,16,270,6,133,4,90,5,69,1,15,-2,-21,0,0,1,4,0,8,78.4,1471,75.3182,93.0,MEL,97.5238,1,,0,,0,,0,Melbourne Cricket Ground,94.5691,,,,0,0,36.456,0.84375,0.7039082412914188,5499.334822127985,4,21562,714,Mark,Need for Sheed
93,643,owner,719.0,1015507,Nasiah,Wanganeen-Milera,STK,45,24,105,512900,2220,1,22,-6700,37100,44,66,104,2182,2024-08-25T11:36:28+10:00,17,436,8,129,6,146,1,38,0,14,0,-11,0,0,0,1,0,7,103.2,3514,100.909,96.3333,CAR,78.5,1,,0,,0,,0,Docklands Stadium,84.0,,,,0,0,87.088,1.0096153846153846,1.0174152153987168,5082.797371889524,-1,45168,719,Luke,He is HIMmelberg
94,16,owner,720.0,1004863,Mitchell,Hinge,ADE,64,24,59,432800,2056,1,22,-22400,-41500,61,258,110,2252,2024-08-25T11:36:29+10:00,10,317,7,168,2,107,2,55,0,16,-2,-13,0,0,0,2,0,3,73.8,2978,93.4545,72.3333,SYD,87.2,1,,0,,0,,0,Sydney Cricket Ground,56.5,,,,0,0,73.8042,0.5363636363636364,0.9129662522202486,4631.1306571647165,-3,180650,720,Jordan,StupidSexyFlanders
95,462,owner,714.0,1009378,Trent,Rivers,MEL,72,24,83,431500,1976,1,23,-19400,-42600,70,148,125,2221,2024-08-25T11:36:29+10:00,12,305,8,185,6,122,2,60,0,14,0,-11,0,0,0,2,0,2,80.2,2753,85.913,73.6667,COL,77.2,0,,0,,0,,0,Melbourne Cricket Ground,75.9583,,,,0,0,68.228,0.664,0.889689329131022,5022.522784677522,-2,21562,714,Mark,Need for Sheed
96,46,owner,717.0,1023517,Will,Ashcroft,BRL,399,24,115,454700,737,1,9,43500,-17600,423,33,90,857,2024-08-25T11:36:28+10:00,17,116,13,82,15,48,3,22,2,10,0,-3,0,0,0,2,0,5,92.0,1868,81.8889,112.0,ESS,106.0,0,,0,,0,,0,Brisbane Cricket Ground,98.0714,,,,0,0,46.2949,1.2777777777777777,0.8599766627771295,5552.645108189266,24,86078,717,Lester,Baby Got Trac
97,451,owner,715.0,281085,Steven,May,MEL,127,24,0,507600,1719,0,19,0,38700,109,415,0,2051,2024-08-25T11:36:30+10:00,0,295,0,52,0,132,0,18,0,10,0,-11,0,0,0,1,0,0,99.8,2536,90.4737,97.0,COL,85.0,0,,0,,0,,0,Melbourne Cricket Ground,86.2414,,,,0,0,62.8501,,0.8381277425646027,5610.470225048827,-18,10857,715,Anthony,Colonel Sanders
98,348,owner,714.0,1009253,Lachie,Ash,GWS,207,24,0,449000,1441,0,17,0,-19500,182,415,0,1647,2024-08-25T11:36:30+10:00,0,224,0,130,0,95,0,28,0,6,0,-7,0,0,0,0,0,1,89.0,1739,84.7647,99.3333,WBD,81.0,1,,0,,0,,0,Eureka Stadium,62.0,,,,0,0,43.0979,,0.8749241044323012,5297.016328731182,-25,21562,714,Mark,Need for Sheed
99,384,owner,715.0,1005247,Sam,Taylor,GWS,287,24,91,339300,1141,1,16,27600,-128700,297,118,124,1852,2024-08-25T11:36:29+10:00,5,95,10,99,5,76,5,31,3,16,-1,-9,0,0,0,0,0,0,65.2,1248,71.3125,81.0,WBD,88.7143,1,,0,,0,,0,Eureka Stadium,97.6667,,,,0,0,30.9294,0.7338709677419355,0.6160907127429806,4757.931638913234,10,10857,715,Anthony,Colonel Sanders
100,686,owner,719.0,1006126,James,Rowbottom,SYD,70,24,109,438400,1985,1,21,-1500,-29100,77,54,102,2073,2024-08-25T11:36:28+10:00,7,204,14,198,4,42,9,160,1,31,-2,-21,0,0,1,5,0,6,79.4,2858,94.5238,84.6667,ADE,83.4,0,,0,,0,,0,Sydney Cricket Ground,84.4348,,,,0,0,70.8302,1.0686274509803921,0.9575494452484322,4637.985353953184,7,45168,719,Luke,He is HIMmelberg
101,560,owner,719.0,294318,Ollie,Wines,PTA,47,24,116,548500,2186,1,22,7000,84900,50,30,90,1892,2024-08-25T11:36:28+10:00,17,220,14,305,3,91,2,101,1,20,0,-9,0,9,0,7,1,6,115.8,3005,99.3636,110.667,FRE,110.133,1,,0,,0,,0,Perth Stadium,103.286,,,,0,0,74.4734,1.288888888888889,1.1553911205073997,5520.130108007358,3,45168,719,Luke,He is HIMmelberg
102,307,owner,720.0,293845,Jeremy,Cameron,GEE,90,24,143,449000,1903,1,22,16500,-13700,99,6,138,2680,2024-08-25T11:36:28+10:00,12,252,2,104,9,136,1,39,1,11,-2,-25,0,1,9,58,1,35,99.4,3659,86.5,96.3333,WCE,74.1538,0,,0,,0,,0,Kardinia Park,80.8824,,,,0,0,90.6815,1.036231884057971,0.7100746268656717,5190.751445086706,9,180650,720,Jordan,StupidSexyFlanders
103,52,owner,714.0,294518,Joe,Daniher,BRL,82,24,66,390000,1930,1,23,-7500,-71900,81,220,125,2805,2024-08-25T11:36:29+10:00,10,285,4,83,5,150,1,26,0,24,-1,-27,1,46,1,50,2,44,72.8,3296,83.913,72.0,ESS,91.8,0,,0,,0,,0,Brisbane Cricket Ground,81.9545,,,,0,0,81.6853,0.528,0.6880570409982175,4647.67080190197,-1,21562,714,Mark,Need for Sheed
104,218,owner,719.0,1006152,Jordan,Clark,FRE,29,24,83,539500,2406,1,23,-21400,78500,28,148,110,2432,2024-08-25T11:36:29+10:00,13,382,5,186,2,156,7,62,1,25,-1,-17,0,0,0,3,0,2,99.6,3577,104.609,93.6667,PTA,83.4,0,,0,,0,,0,Perth Stadium,86.3947,,,,0,0,88.6493,0.7545454545454545,0.9893092105263158,5157.30004110545,-1,45168,719,Luke,He is HIMmelberg
105,592,owner,717.0,290627,Dion,Prestia,RIC,315,24,103,433100,1028,1,13,4800,-21000,335,71,100,1194,2024-08-25T11:36:28+10:00,13,134,20,152,8,41,0,25,1,11,-1,-7,0,0,0,3,0,4,88.0,1303,79.0769,87.0,GCS,98.8,0,,0,,0,,0,Melbourne Cricket Ground,88.7533,,,,0,0,32.2924,1.03,0.8609715242881072,5476.947123622702,20,86078,717,Lester,Baby Got Trac
106,369,owner,718.0,1008083,Connor,Idun,GWS,79,24,77,451500,1955,1,23,-12500,-2400,76,178,108,2650,2024-08-25T11:36:29+10:00,8,212,11,233,3,157,0,29,1,6,0,-9,0,0,0,0,0,1,82.6,2075,85.0,81.3333,WBD,78.3333,1,,0,,0,,0,Eureka Stadium,65.6667,,,,0,0,51.425,0.7129629629629629,0.7377358490566037,5311.764705882353,-3,8258,718,Simon,Wilkie Wonka
107,331,owner,715.0,1004938,Gryan,Miers,GEE,93,24,80,382300,1884,1,23,12700,-69200,91,162,116,2512,2024-08-25T11:36:29+10:00,9,286,13,178,2,91,6,95,0,14,0,-10,0,0,1,16,0,12,75.4,3276,81.913,81.3333,WCE,71.8571,0,,0,,0,,0,Kardinia Park,75.25,,,,0,0,81.1896,0.6896551724137931,0.75,4667.146850927204,-2,10857,715,Anthony,Colonel Sanders
108,19,owner,714.0,993946,Ben,Keays,ADE,94,24,97,510500,1864,1,23,-10300,60000,95,91,110,2494,2024-08-25T11:36:28+10:00,11,225,10,148,2,88,2,83,2,23,-2,-17,0,0,1,34,3,20,92.8,3249,81.0435,94.0,SYD,75.2857,1,,0,,0,,0,Sydney Cricket Ground,94.0,,,,0,0,80.5204,0.8818181818181818,0.7473937449879712,6299.086293163548,1,21562,714,Mark,Need for Sheed
109,367,owner,719.0,993107,Harry,Himmelberg,GWS,57,24,101,479800,2099,1,23,1500,29400,60,78,104,2381,2024-08-25T11:36:28+10:00,17,306,5,175,8,146,1,44,3,16,-1,-17,0,0,0,0,0,2,93.8,2790,91.2609,94.3333,WBD,77.8182,1,,0,,0,,0,Eureka Stadium,86.6667,,,,0,0,69.145,0.9711538461538461,0.881562368752625,5257.454178076262,3,45168,719,Luke,He is HIMmelberg
110,739,owner,716.0,990290,Tom,Barrass,WCE,182,24,0,437900,1510,0,18,0,-9600,155,415,0,2089,2024-08-25T11:36:30+10:00,0,169,0,72,0,123,0,14,0,13,0,-12,0,3,0,0,0,0,84.0,1662,83.8889,93.3333,GEE,64.5714,1,,0,,0,,0,Kardinia Park,71.0,,,,0,0,41.1896,,0.7228338918142652,5219.999308609363,-27,71052,716,James,The Gulden Girls
111,779,owner,720.0,292128,Elliot,Yeo,WCE,58,24,77,525300,2096,1,20,-14900,78200,57,178,94,1773,2024-08-25T11:36:29+10:00,10,245,11,205,3,39,4,129,0,33,-3,-23,0,0,0,11,0,10,101.2,3572,104.8,94.3333,GEE,74.3636,1,,0,,0,,0,Kardinia Park,79.5,,,,0,0,88.5254,0.8191489361702128,1.1821771009588269,5012.404580152672,-1,180650,720,Jordan,StupidSexyFlanders
112,325,owner,718.0,1015889,Max,Holmes,GEE,38,24,121,466600,2279,1,23,15600,20600,39,25,110,2339,2024-08-25T11:36:28+10:00,16,341,10,216,8,128,0,69,0,15,0,-13,0,0,1,13,0,4,89.4,3400,99.087,99.3333,WCE,105.667,0,,0,,0,,0,Kardinia Park,84.25,,,,0,0,84.2627,1.1,0.9743480119709278,4708.993107067527,1,8258,718,Simon,Wilkie Wonka
113,562,owner,717.0,1000223,Liam,Baker,RIC,187,24,88,429400,1482,1,18,11700,-16200,205,129,101,1799,2024-08-25T11:36:29+10:00,10,207,6,151,7,60,2,69,0,18,-3,-27,0,0,1,14,0,13,85.0,2820,82.3333,90.0,GCS,67.8333,0,,0,,0,,0,Melbourne Cricket Ground,76.2615,,,,0,0,69.8885,0.8712871287128713,0.8237909949972206,5215.386726877217,18,86078,717,Lester,Baby Got Trac
114,511,owner,717.0,993998,Jy,Simpkin,NTH,211,24,114,444600,1434,1,18,14300,1200,233,36,117,1916,2024-08-25T11:36:28+10:00,12,218,13,160,2,56,9,56,4,24,-2,-30,0,0,3,11,1,5,91.6,2684,79.6667,94.3333,HAW,78.4,1,,0,,0,,0,University of Tasmania Stadium,104.667,,,,0,0,66.518,0.9743589743589743,0.7484342379958246,5580.750803033136,22,86078,717,Lester,Baby Got Trac
115,106,owner,719.0,294036,George,Hewett,CAR,81,24,122,504700,1935,1,21,7900,64700,90,23,100,1931,2024-08-25T11:36:28+10:00,16,218,16,263,6,57,6,98,1,24,-2,-20,0,0,1,6,0,1,110.2,2473,92.1429,102.667,STK,84.3636,0,,0,,0,,0,Docklands Stadium,87.1081,,,,0,0,61.2887,1.22,1.002071465561885,5477.361793475135,9,45168,719,Luke,He is HIMmelberg
116,581,owner,717.0,993903,Jacob,Hopper,RIC,334,24,89,394400,970,1,12,5200,-45000,350,126,96,1099,2024-08-25T11:36:29+10:00,12,132,12,153,3,44,5,41,3,15,-4,-15,0,0,0,3,1,4,71.4,1737,80.8333,79.6667,GCS,100.889,0,,0,,0,,0,Melbourne Cricket Ground,80.1304,,,,0,0,43.0483,0.9270833333333334,0.8826205641492265,4879.177269763823,16,86078,717,Lester,Baby Got Trac
117,173,owner,720.0,1006103,Jye,Caldwell,ESS,49,24,53,465600,2161,1,23,-38600,28600,46,285,90,2138,2024-08-25T11:36:29+10:00,7,252,14,270,5,95,4,149,0,32,-3,-32,0,0,0,8,0,9,82.6,3604,93.9565,70.0,BRL,79.0,1,,0,,0,,0,Brisbane Cricket Ground,78.6667,,,,0,0,89.3185,0.5888888888888889,1.010757717492984,4955.484718992299,-3,180650,720,Jordan,StupidSexyFlanders
118,405,owner,713.0,296254,Jarman,Impey,HAW,85,24,85,428700,1921,1,23,-1100,-6000,84,141,117,2328,2024-08-25T11:36:29+10:00,12,295,11,143,3,134,1,55,0,18,-1,-13,0,0,0,2,0,4,83.6,1818,83.5217,83.0,NTH,72.4545,0,,0,,0,,0,University of Tasmania Stadium,70.9048,,,,0,0,45.0558,0.7264957264957265,0.8251718213058419,5132.797823799085,-1,300791,713,Paul,Toby or Not To Be
119,536,owner,716.0,1011640,Jason,Horne-Francis,PTA,60,24,94,537000,2093,1,21,8000,103100,59,105,99,2047,2024-08-25T11:36:29+10:00,13,331,7,131,2,95,2,66,0,37,-3,-43,0,0,2,25,1,18,109.8,3163,99.6667,109.0,FRE,80.0,1,,0,,0,,0,Perth Stadium,75.6667,,,,0,0,78.3891,0.9494949494949495,1.0224719101123596,5387.958064228072,-1,71052,716,James,The Gulden Girls
120,533,owner,716.0,1002253,Kane,Farrell,PTA,100,24,50,418400,1817,1,22,-35800,-13100,95,297,41,2156,2024-08-25T11:36:29+10:00,8,322,5,102,4,109,2,56,0,13,-1,-17,0,0,0,6,0,5,74.0,1955,82.5909,62.3333,FRE,73.5,1,,0,,0,,0,Perth Stadium,64.5,,,,0,0,48.4511,1.2195121951219512,0.8427643784786641,5065.933413971757,-5,71052,716,James,The Gulden Girls
121,776,owner,718.0,1006114,Bailey J.,Williams,WCE,158,24,99,356100,1578,1,23,19100,-73700,168,86,107,2214,2024-08-25T11:36:28+10:00,7,140,5,116,3,43,4,59,0,28,-3,-30,31,482,0,4,0,6,75.6,1014,68.6087,79.6667,GEE,79.75,1,,0,,0,,0,Kardinia Park,113.0,,,,0,0,25.1301,0.9252336448598131,0.7127371273712737,5190.303853592912,10,8258,718,Simon,Wilkie Wonka
122,48,owner,715.0,998133,Jarrod,Berry,BRL,86,24,42,375500,1918,1,23,-41300,-52000,77,330,77,2116,2024-08-25T11:36:30+10:00,9,254,7,200,6,141,2,84,0,27,0,-14,0,0,0,5,1,8,65.2,2234,83.3913,51.0,ESS,69.125,0,,0,,0,,0,Brisbane Cricket Ground,81.6849,,,,0,0,55.3656,0.5454545454545454,0.9064272211720227,4502.867805154734,-9,10857,715,Anthony,Colonel Sanders
123,758,owner,717.0,994385,Jayden,Hunt,WCE,241,24,80,362100,1333,1,20,-2400,-64800,247,162,122,2123,2024-08-25T11:36:29+10:00,13,213,7,112,4,72,2,42,0,10,0,-11,0,0,0,3,0,3,68.4,797,66.65,69.3333,GEE,72.375,1,,0,,0,,0,Kardinia Park,59.6667,,,,0,0,19.7522,0.6557377049180327,0.627885068299576,5432.858214553638,6,86078,717,Lester,Baby Got Trac
124,177,owner,716.0,1005577,Sam,Draper,ESS,265,24,60,456600,1215,1,16,-15500,34200,271,249,101,1518,2024-08-25T11:36:29+10:00,5,122,4,57,2,49,1,31,1,20,-2,-27,10,306,1,11,0,10,88.0,2377,75.9375,80.6667,BRL,71.8,1,,0,,0,,0,Brisbane Cricket Ground,64.8333,,,,0,0,58.9095,0.594059405940594,0.8003952569169961,6012.83950617284,6,71052,716,James,The Gulden Girls
125,463,owner,713.0,296359,Christian,Salem,MEL,233,24,104,423700,1360,1,17,31200,2900,245,69,98,1563,2024-08-25T11:36:28+10:00,20,226,6,114,6,99,3,47,1,8,0,-14,0,0,0,1,0,2,79.0,1586,80.0,99.3333,COL,87.1429,0,,0,,0,,0,Melbourne Cricket Ground,78.0941,,,,0,0,39.3061,1.0612244897959184,0.8701215611004478,5296.25,12,300791,713,Paul,Toby or Not To Be
126,110,owner,716.0,1001398,Matthew,Kennedy,CAR,112,24,65,441300,1769,1,23,15500,21300,114,225,112,2116,2024-08-25T11:36:29+10:00,8,242,6,177,5,102,2,80,1,21,0,-24,0,12,0,16,1,10,90.2,2089,76.913,94.3333,STK,76.0,0,,0,,0,,0,Docklands Stadium,79.5588,,,,0,0,51.772,0.5803571428571429,0.8360113421550095,5737.65163236384,2,71052,716,James,The Gulden Girls
127,721,owner,716.0,1002404,Aaron,Naughton,WBD,240,24,48,302400,1341,1,19,-4800,-117500,237,304,92,1781,2024-08-25T11:36:29+10:00,6,145,4,76,4,98,2,21,0,17,-2,-15,0,1,2,32,0,14,64.2,1680,70.5789,56.3333,GWS,63.5,0,,0,,0,,0,Eureka Stadium,78.9167,,,,0,0,41.6357,0.5217391304347826,0.7529477821448625,4284.566633937338,-3,71052,716,James,The Gulden Girls
128,357,owner,718.0,1002251,Brent,Daniels,GWS,92,24,0,525500,1890,0,21,0,106000,71,415,0,2171,2024-08-25T11:36:30+10:00,0,237,0,161,0,76,0,103,0,20,0,-15,0,0,0,23,0,17,119.0,2664,90.0,124.667,WBD,61.3333,1,,0,,0,,0,Eureka Stadium,76.5,,,,0,0,66.0223,,0.8705665591893137,5838.888888888889,-21,8258,718,Simon,Wilkie Wonka
129,423,owner,720.0,998114,Jack,Scrimshaw,HAW,104,24,68,432300,1804,1,22,4500,12800,103,209,114,2147,2024-08-25T11:36:29+10:00,6,247,9,139,4,130,3,34,0,9,-2,-22,0,0,0,0,0,0,81.6,1417,82.0,86.6667,NTH,88.3333,0,,0,,0,,0,University of Tasmania Stadium,75.4444,,,,0,0,35.1177,0.5964912280701754,0.8402421984163949,5271.951219512195,-1,180650,720,Jordan,StupidSexyFlanders
130,368,owner,714.0,296324,Jesse,Hogan,GWS,52,24,78,557600,2125,1,23,-6200,138400,53,172,108,2503,2024-08-25T11:36:29+10:00,8,199,4,82,6,147,2,31,0,25,0,-8,0,0,2,69,2,25,111.2,3406,92.3913,105.333,WBD,92.6667,1,,0,,0,,0,Eureka Stadium,70.5,,,,0,0,84.4114,0.7222222222222222,0.8489812225329605,6035.200284009425,1,21562,714,Mark,Need for Sheed
131,520,owner,714.0,294469,Aliir,Aliir,PTA,139,24,62,387100,1657,1,22,-27500,-29500,137,236,109,2570,2024-08-25T11:36:29+10:00,9,241,4,74,5,142,2,32,1,20,-2,-26,0,0,0,0,0,0,68.8,1238,75.3182,60.6667,FRE,73.1429,1,,0,,0,,0,Perth Stadium,70.8,,,,0,0,30.6815,0.5688073394495413,0.6447470817120623,5139.528029081948,-2,21562,714,Mark,Need for Sheed
132,42,owner,716.0,1011981,Josh,Worrell,ADE,298,24,56,432600,1105,1,13,-9400,16200,299,272,79,1294,2024-08-25T11:36:29+10:00,8,155,7,78,4,67,0,19,0,16,0,-7,0,0,0,0,0,0,75.6,1133,85.0,79.3333,SYD,68.5,1,,0,,0,,0,Sydney Cricket Ground,56.0,,,,0,0,28.0793,0.7088607594936709,0.8539412673879444,5089.411764705882,1,71052,716,James,The Gulden Girls
133,100,owner,719.0,1004912,Tom,De Koning,CAR,124,24,0,616500,1726,0,17,0,204700,108,415,0,1653,2024-08-25T11:36:30+10:00,0,148,0,133,0,55,0,59,0,22,0,-18,0,349,0,9,0,10,124.4,2302,101.529,100.0,STK,62.6667,0,,0,,0,,0,Docklands Stadium,77.0,,,,0,0,57.0508,,1.044162129461585,6072.1567236947085,-16,45168,719,Luke,He is HIMmelberg
134,379,owner,717.0,998205,Harry,Perryman,GWS,194,24,64,401800,1472,1,19,-10000,-9700,200,228,95,1859,2024-08-25T11:36:29+10:00,8,213,10,136,3,93,1,54,0,9,0,-9,0,0,0,3,0,0,72.4,909,77.4737,73.0,WBD,89.375,1,,0,,0,,0,Eureka Stadium,69.0,,,,0,0,22.5279,0.6736842105263158,0.7918235610543303,5186.276116927423,6,86078,717,Lester,Baby Got Trac
135,354,owner,717.0,1023266,Finn,Callaghan,GWS,106,24,90,463900,1803,1,22,10300,55300,111,120,108,2237,2024-08-25T11:36:29+10:00,10,204,16,302,3,57,2,82,0,18,-1,-20,0,0,0,2,0,6,92.8,1697,81.9545,96.0,WBD,59.5,1,,0,,0,,0,Eureka Stadium,74.5,,,,0,0,42.057,0.8333333333333334,0.8059901654000894,5660.457937026033,5,86078,717,Lester,Baby Got Trac
136,37,owner,715.0,1017109,Jake,Soligo,ADE,88,24,78,416400,1912,1,23,-10900,7900,85,172,96,2125,2024-08-25T11:36:29+10:00,13,251,12,255,4,60,3,84,0,34,0,-30,0,0,0,6,1,9,86.2,1985,83.1304,75.3333,SYD,84.0,1,,0,,0,,0,Sydney Cricket Ground,79.0,,,,0,0,49.1945,0.8125,0.8997647058823529,5008.997911714608,-3,10857,715,Anthony,Colonel Sanders
137,518,owner,720.0,1004965,Tristan,Xerri,NTH,3,24,123,730000,2757,1,23,13700,322600,3,22,115,2430,2024-08-25T11:36:28+10:00,15,194,10,218,2,66,3,173,6,54,-5,-58,35,794,0,8,0,3,148.8,3609,119.87,149.667,HAW,95.0,1,,0,,0,,0,University of Tasmania Stadium,123.0,,,,0,0,89.4424,1.0695652173913044,1.134567901234568,6089.930758321515,0,180650,720,Jordan,StupidSexyFlanders
138,676,owner,716.0,1011936,Justin,McInerney,SYD,226,24,0,440400,1400,0,17,0,37100,203,415,0,1766,2024-08-25T11:36:30+10:00,0,181,0,162,0,95,0,44,0,19,0,-16,0,1,0,6,0,7,82.0,1603,82.3529,80.0,ADE,86.75,0,,0,,0,,0,Sydney Cricket Ground,75.1111,,,,0,0,39.7274,,0.7927519818799547,5347.7169595727655,-23,71052,716,James,The Gulden Girls
139,457,owner,716.0,296420,Alex,Neal-Bullen,MEL,78,24,72,457800,1957,1,23,13200,55200,73,199,127,2304,2024-08-25T11:36:29+10:00,10,224,9,209,5,77,4,117,1,22,-1,-18,0,0,0,9,0,6,92.6,2785,85.087,96.3333,COL,70.1,0,,0,,0,,0,Melbourne Cricket Ground,71.75,,,,0,0,69.0211,0.5669291338582677,0.8493923611111112,5380.375380492907,-5,71052,716,James,The Gulden Girls
140,677,owner,714.0,1003203,Hayden,McLean,SYD,160,24,82,334100,1574,1,23,1000,-66400,165,156,104,2198,2024-08-25T11:36:29+10:00,5,163,5,92,6,102,3,55,0,20,0,-22,6,165,1,26,1,17,62.2,1289,68.4348,65.6667,ADE,72.0,0,,0,,0,,0,Sydney Cricket Ground,67.9,,,,0,0,31.9455,0.7884615384615384,0.716105550500455,4882.0190897029,5,21562,714,Mark,Need for Sheed
141,147,owner,720.0,291313,Jeremy,Howe,COL,172,24,77,459900,1540,1,19,1300,61600,174,178,140,2068,2024-08-25T11:36:29+10:00,12,225,2,60,6,98,0,30,0,12,-1,-9,0,0,0,5,0,2,93.4,1056,81.0526,90.3333,MEL,84.8182,1,,0,,0,,0,Melbourne Cricket Ground,83.0132,,,,0,0,26.171,0.55,0.7446808510638298,5674.09311977654,2,180650,720,Jordan,StupidSexyFlanders
142,115,owner,719.0,1000953,Harry,McKay,CAR,121,24,0,409100,1734,0,20,0,11100,104,415,0,2257,2024-08-25T11:36:30+10:00,0,200,0,65,0,138,0,51,0,27,0,-21,0,29,0,46,0,20,79.0,3010,86.7,74.6667,STK,69.8571,0,,0,,0,,0,Docklands Stadium,76.6585,,,,0,0,74.5973,,0.768276473194506,4718.569780853518,-17,45168,719,Luke,He is HIMmelberg
143,84,owner,719.0,1017067,Darcy,Wilmot,BRL,87,24,87,420500,1917,1,23,-19800,23200,86,131,103,2334,2024-08-25T11:36:29+10:00,11,322,15,143,4,112,1,43,1,17,0,-17,0,0,0,0,0,2,82.2,1784,83.3478,71.3333,ESS,81.0,0,,0,,0,,0,Brisbane Cricket Ground,84.0909,,,,0,0,44.2131,0.8446601941747572,0.8213367609254498,5045.124166444705,-1,45168,719,Luke,He is HIMmelberg
144,123,owner,716.0,298290,Marc,Pittonet,CAR,279,24,95,467200,1168,1,13,19200,74900,289,102,98,1163,2024-08-25T11:36:28+10:00,5,89,6,92,0,17,5,21,1,21,-1,-26,23,338,1,3,0,3,93.8,1442,89.8462,101.333,STK,82.4,0,,0,,0,,0,Docklands Stadium,83.6111,,,,0,0,35.7373,0.9693877551020408,1.004299226139295,5199.997328768496,10,71052,716,James,The Gulden Girls
145,735,owner,716.0,992351,Bailey,Williams,WBD,111,24,90,381500,1770,1,23,2500,-10000,120,120,112,2411,2024-08-25T11:36:29+10:00,13,239,9,196,6,131,2,49,0,11,0,-9,0,0,1,8,0,3,79.8,1114,76.9565,75.6667,GWS,70.6364,0,,0,,0,,0,Eureka Stadium,79.6,,,,0,0,27.6084,0.8035714285714286,0.7341352136043136,4957.346033148597,9,71052,716,James,The Gulden Girls
146,151,owner,715.0,1003130,Patrick,Lipinski,COL,119,24,131,322900,1740,1,23,46700,-66800,133,13,153,2363,2024-08-25T11:36:28+10:00,18,185,12,218,12,74,3,71,1,11,0,-15,0,0,2,18,0,9,62.6,2161,75.6522,88.0,MEL,82.1,1,,0,,0,,0,Melbourne Cricket Ground,75.9231,,,,0,0,53.5564,0.8562091503267973,0.7363520947947524,4268.21691900566,14,10857,715,Anthony,Colonel Sanders
147,498,owner,717.0,1001017,Nick,Larkey,NTH,224,24,14,336800,1402,1,23,-30300,-51300,207,408,124,2739,2024-08-25T11:36:30+10:00,6,145,0,74,5,99,1,23,0,24,-4,-16,4,34,0,46,0,14,57.8,1083,60.9565,49.3333,HAW,44.7143,1,,0,,0,,0,University of Tasmania Stadium,37.6667,,,,0,0,26.8401,0.11290322580645161,0.5118656443957649,5525.251613855782,-17,86078,717,Lester,Baby Got Trac
148,519,owner,714.0,998484,Cameron,Zurhaar,NTH,179,24,44,327400,1518,1,22,-31300,-60000,171,318,121,2368,2024-08-25T11:36:29+10:00,7,187,6,123,4,89,1,61,0,25,-1,-25,0,1,1,29,0,18,56.4,1213,69.0,47.0,HAW,62.7273,1,,0,,0,,0,University of Tasmania Stadium,69.75,,,,0,0,30.062,0.36363636363636365,0.6410472972972973,4744.927536231884,-8,21562,714,Mark,Need for Sheed
149,75,owner,713.0,1002235,Cam,Rayner,BRL,104,24,72,429400,1804,1,23,-30500,44300,105,199,104,2314,2024-08-25T11:36:29+10:00,13,193,5,167,4,74,1,72,1,20,-2,-19,0,0,0,25,1,18,82.4,2836,78.4348,67.3333,ESS,61.7143,0,,0,,0,,0,Brisbane Cricket Ground,65.3016,,,,0,0,70.285,0.6923076923076923,0.7796024200518582,5474.61075950981,1,300791,713,Paul,Toby or Not To Be
150,461,owner,714.0,1008541,Kysaiah,Pickett,MEL,170,24,111,387500,1541,1,21,17700,5300,187,47,97,2155,2024-08-25T11:36:28+10:00,13,202,2,64,2,56,3,75,1,13,-1,-23,0,0,2,36,2,24,76.4,1412,73.381,85.0,COL,59.5714,0,,0,,0,,0,Melbourne Cricket Ground,68.1429,,,,0,0,34.9938,1.1443298969072164,0.7150812064965197,5280.658481078208,17,21562,714,Mark,Need for Sheed
151,409,owner,718.0,1017094,Connor,Macdonald,HAW,128,24,111,426400,1710,1,23,23400,45000,135,47,114,2304,2024-08-25T11:36:28+10:00,7,231,12,172,4,122,7,65,0,11,-2,-18,0,0,3,26,0,18,88.8,1373,74.3478,95.6667,NTH,88.1667,0,,0,,0,,0,University of Tasmania Stadium,67.2727,,,,0,0,34.0273,0.9736842105263158,0.7421875,5735.206690715798,7,8258,718,Simon,Wilkie Wonka
152,488,owner,720.0,999827,Zac,Fisher,NTH,175,24,73,426800,1530,1,18,-22700,48200,176,196,103,1678,2024-08-25T11:36:29+10:00,15,306,8,127,5,90,0,16,0,12,-1,-12,0,0,0,0,0,2,80.8,2834,85.0,71.0,HAW,70.5,1,,0,,0,,0,University of Tasmania Stadium,81.0,,,,0,0,70.2354,0.7087378640776699,0.9117997616209773,5021.176470588235,1,180650,720,Jordan,StupidSexyFlanders
153,247,owner,714.0,992059,Sam,Switkowski,FRE,168,24,128,403200,1546,1,20,23800,24900,192,16,102,1944,2024-08-25T11:36:28+10:00,8,130,14,159,4,63,4,101,2,25,0,-9,0,0,1,12,1,10,84.8,1181,77.3,91.3333,PTA,75.1667,0,,0,,0,,0,Perth Stadium,76.2889,,,,0,0,29.2689,1.2549019607843137,0.7952674897119342,5216.041397153946,24,21562,714,Mark,Need for Sheed
154,34,owner,716.0,1006136,Lachlan,Sholl,ADE,130,24,58,440500,1702,1,20,-25200,63600,127,263,103,2026,2024-08-25T11:36:29+10:00,12,293,6,139,1,105,3,45,2,9,0,-11,0,0,0,12,1,6,84.8,1751,85.1,72.3333,SYD,73.0,1,,0,,0,,0,Sydney Cricket Ground,60.5,,,,0,0,43.3953,0.5631067961165048,0.8400789733464955,5176.263219741481,-3,71052,716,James,The Gulden Girls
155,718,owner,719.0,990740,Rory,Lobb,WBD,310,24,57,388000,1049,1,15,-26700,13300,314,268,125,1683,2024-08-25T11:36:29+10:00,6,126,4,78,3,80,2,31,1,18,0,-6,0,47,0,5,0,4,69.2,1479,69.9333,61.3333,GWS,67.8333,0,,0,,0,,0,Eureka Stadium,64.0,,,,0,0,36.6543,0.456,0.6232917409387998,5548.1437312410535,4,45168,719,Luke,He is HIMmelberg
156,179,owner,717.0,1006096,Xavier,Duursma,ESS,277,24,0,400400,1175,0,15,0,27200,266,415,0,1504,2024-08-25T11:36:30+10:00,0,165,0,113,0,96,0,40,0,10,0,-2,0,0,0,9,0,0,73.2,970,78.3333,75.3333,BRL,54.6667,1,,0,,0,,0,Brisbane Cricket Ground,65.0,,,,0,0,24.0397,,0.78125,5111.49153680491,-11,86078,717,Lester,Baby Got Trac
157,171,owner,718.0,1011954,Nick,Bryan,ESS,503,24,63,364300,354,1,5,-600,-6700,521,232,106,425,2024-08-25T11:36:29+10:00,6,34,7,27,3,11,3,15,0,5,0,0,28,103,0,0,0,0,70.8,220,70.8,70.6667,BRL,63.0,1,,0,,0,,0,Brisbane Cricket Ground,63.0,,,,0,0,5.45229,0.5943396226415094,0.8329411764705882,5145.480225988701,18,8258,718,Simon,Wilkie Wonka
158,523,owner,713.0,250365,Travis,Boak,PTA,161,24,76,416200,1572,1,20,1600,49400,162,183,91,1898,2024-08-25T11:36:29+10:00,11,216,7,148,1,104,2,60,1,9,0,-15,0,0,0,4,0,15,75.8,2018,78.6,82.0,FRE,85.375,1,,0,,0,,0,Perth Stadium,89.0,,,,0,0,50.0124,0.8351648351648352,0.8282402528977871,5295.165394402036,1,300791,713,Paul,Toby or Not To Be
159,517,owner,720.0,1023477,George,Wardlaw,NTH,170,24,100,430500,1541,1,18,-1000,65100,182,80,102,1665,2024-08-25T11:36:28+10:00,8,203,12,141,1,60,6,78,2,28,-1,-17,0,0,1,7,0,6,74.8,2184,85.6111,83.3333,HAW,65.0,1,,0,,0,,0,University of Tasmania Stadium,100.0,,,,0,0,54.1264,0.9803921568627451,0.9255255255255255,5028.55354037035,12,180650,720,Jordan,StupidSexyFlanders
160,178,owner,720.0,1015810,Sam,Durham,ESS,74,24,86,463600,1969,1,22,-21200,99100,74,133,102,2041,2024-08-25T11:36:29+10:00,9,235,13,235,5,88,3,97,1,23,0,-30,0,0,0,10,0,5,86.8,2431,89.5,79.0,BRL,61.75,1,,0,,0,,0,Brisbane Cricket Ground,67.6667,,,,0,0,60.2478,0.8431372549019608,0.9647231749142577,5179.888268156425,0,180650,720,Jordan,StupidSexyFlanders
161,775,owner,720.0,996554,Jake,Waterman,WCE,138,24,86,356300,1662,1,20,-8400,-4900,141,133,126,2290,2024-08-25T11:36:29+10:00,12,191,4,61,9,137,0,22,0,11,0,-6,0,3,2,53,2,23,70.2,2651,83.1,65.0,GEE,76.1667,1,,0,,0,,0,Kardinia Park,57.0,,,,0,0,65.7001,0.6825396825396826,0.725764192139738,4287.605294825512,3,180650,720,Jordan,StupidSexyFlanders
162,413,owner,713.0,1000980,Lloyd,Meek,HAW,75,24,112,513100,1966,1,19,-11900,155800,83,44,109,1940,2024-08-25T11:36:28+10:00,8,106,8,161,3,41,1,66,3,28,-5,-34,38,678,0,7,1,6,101.0,2829,103.474,93.6667,NTH,71.25,0,,0,,0,,0,University of Tasmania Stadium,90.2,,,,0,0,70.1115,1.0275229357798166,1.01340206185567,4958.733594912732,8,300791,713,Paul,Toby or Not To Be
163,606,owner,713.0,998134,Josh,Battle,STK,80,24,60,491200,1939,1,23,-27500,134300,75,249,106,2493,2024-08-25T11:36:29+10:00,9,254,4,156,6,175,1,30,0,12,-1,-17,0,1,0,3,0,3,95.0,2025,84.3043,81.0,CAR,65.1429,1,,0,,0,,0,Docklands Stadium,72.35,,,,0,0,50.1859,0.5660377358490566,0.7777777777777778,5826.511814937079,-5,300791,713,Paul,Toby or Not To Be
164,628,owner,717.0,1006143,Max,King,STK,419,24,0,262400,669,0,12,0,-79100,406,415,0,1261,2024-08-25T11:36:30+10:00,0,84,0,41,0,50,0,8,0,20,0,-15,0,0,0,19,0,12,52.8,432,55.75,47.0,CAR,71.5,1,,0,,0,,0,Docklands Stadium,60.2162,,,,0,0,10.7063,,0.5305313243457573,4706.726457399103,-13,86078,717,Lester,Baby Got Trac
165,731,owner,718.0,1009301,Jamarra,Ugle-Hagan,WBD,229,24,34,384500,1385,1,21,-39000,46000,221,365,100,2203,2024-08-25T11:36:30+10:00,12,185,1,62,4,94,4,31,0,17,-3,-28,0,0,0,43,1,34,73.0,1613,65.9524,54.0,GWS,46.0,0,,0,,0,,0,Eureka Stadium,41.0,,,,0,0,39.9752,0.34,0.6286881525192919,5829.962215173367,-8,8258,718,Simon,Wilkie Wonka
166,588,owner,719.0,1002403,Ben,Miller,RIC,176,24,54,317900,1529,1,21,-12300,-11000,170,281,114,2452,2024-08-25T11:36:29+10:00,5,178,4,80,3,120,2,34,0,8,0,-18,0,0,0,0,0,0,59.0,1273,72.8095,55.3333,GCS,50.3333,0,,0,,0,,0,Melbourne Cricket Ground,67.4074,,,,0,0,31.5489,0.47368421052631576,0.6235725938009788,4366.188478151889,-6,45168,719,Luke,He is HIMmelberg
167,340,owner,713.0,997230,Tyson,Stengle,GEE,135,24,92,351600,1674,1,23,-16500,29800,138,114,117,2415,2024-08-25T11:36:29+10:00,10,205,5,106,2,63,1,54,0,13,0,-11,0,0,2,42,1,16,75.4,1240,72.7826,59.6667,WCE,69.2,0,,0,,0,,0,Kardinia Park,71.96,,,,0,0,30.7311,0.7863247863247863,0.6931677018633541,4830.824949919349,3,300791,713,Paul,Toby or Not To Be
168,216,owner,713.0,998129,Will,Brodie,FRE,658,24,0,318300,0,0,0,0,0,656,415,0,0,2024-08-25T11:36:31+10:00,0,0,0,0,0,0,0,0,0,0,0,0,0,0,0,0,0,0,0.0,184,0.0,0.0,PTA,65.3333,0,,0,,0,,0,Perth Stadium,98.0667,,,,0,0,4.5601,,,,-2,300791,713,Paul,Toby or Not To Be
169,249,owner,716.0,1012819,Josh,Treacy,FRE,133,24,0,482000,1685,0,20,0,166100,118,415,0,2136,2024-08-25T11:36:30+10:00,0,158,0,83,0,122,0,44,0,17,0,-10,0,63,0,45,0,15,97.2,2322,84.25,96.6667,PTA,75.0,0,,0,,0,,0,Perth Stadium,62.1724,,,,0,0,57.5465,,0.7888576779026217,5721.06824925816,-15,71052,716,James,The Gulden Girls
170,507,owner,718.0,1011659,Tom,Powell,NTH,97,24,48,445100,1844,1,23,-6900,132900,92,304,117,2261,2024-08-25T11:36:29+10:00,2,220,6,242,0,86,4,96,0,7,0,-13,0,0,0,9,0,2,91.0,2783,80.1739,83.0,HAW,60.1667,1,,0,,0,,0,University of Tasmania Stadium,50.6667,,,,0,0,68.9715,0.41025641025641024,0.8155683325961963,5551.682031184712,-5,8258,718,Simon,Wilkie Wonka
171,635,owner,719.0,1020137,Mattaes,Phillipou,STK,391,24,80,364100,757,1,13,33000,76600,400,162,109,1193,2024-08-25T11:36:29+10:00,13,107,7,80,7,38,9,48,1,9,0,-7,0,0,1,8,2,8,79.2,1227,58.2308,88.6667,CAR,53.6667,1,,0,,0,,0,Docklands Stadium,52.6667,,,,0,0,30.4089,0.7339449541284404,0.6345347862531433,6252.704754185071,9,45168,719,Luke,He is HIMmelberg
172,107,owner,717.0,1012862,Elijah,Hollands,CAR,158,24,83,404700,1578,1,21,2800,128400,164,148,99,2154,2024-08-25T11:36:29+10:00,14,240,8,132,7,97,1,57,1,13,-1,-16,0,0,0,16,1,9,80.0,1625,75.1429,80.3333,STK,58.6667,0,,0,,0,,0,Docklands Stadium,69.8182,,,,0,0,40.2726,0.8383838383838383,0.7325905292479109,5385.738373153019,6,86078,717,Lester,Baby Got Trac
173,378,owner,717.0,1006013,James,Peatling,GWS,296,24,97,410000,1113,1,17,-1800,135600,304,91,82,1189,2024-08-25T11:36:28+10:00,9,142,6,95,1,30,9,78,4,33,0,-9,0,0,0,4,0,2,93.2,1688,65.4706,79.0,WBD,48.0,1,,0,,0,,0,Eureka Stadium,97.0,,,,0,0,41.834,1.1829268292682926,0.936080740117746,6262.352872892565,8,86078,717,Lester,Baby Got Trac
174,396,owner,717.0,1005144,Massimo,D'Ambrosio,HAW,83,24,134,496100,1929,1,22,33400,271200,93,11,110,2080,2024-08-25T11:36:28+10:00,16,269,15,188,5,107,2,42,3,15,0,-8,0,0,2,7,1,7,102.2,2363,87.6818,114.667,NTH,70.5,0,,0,,0,,0,University of Tasmania Stadium,77.0,,,,0,0,58.5626,1.2181818181818183,0.9274038461538462,5657.95866416976,10,86078,717,Lester,Baby Got Trac
175,770,owner,720.0,1023492,Harley,Reid,WCE,148,24,78,377300,1611,1,20,1500,170000,147,172,117,2022,2024-08-25T11:36:29+10:00,8,171,7,199,3,45,6,80,1,41,-3,-47,0,0,2,10,0,8,74.2,3056,80.55,74.3333,GEE,78.0,1,,0,,0,,0,Kardinia Park,78.0,,,,0,0,75.7373,0.6666666666666666,0.7967359050445104,4684.047175667288,-1,180650,720,Jordan,StupidSexyFlanders
176,503,owner,717.0,1024272,Colby,McKercher,NTH,216,24,84,538500,1416,1,16,7600,335700,230,145,104,1546,2024-08-25T11:36:29+10:00,17,255,2,126,5,70,3,29,0,2,-1,-10,0,0,0,0,0,2,104.8,2823,88.5,109.0,HAW,59.0,1,,0,,0,,0,University of Tasmania Stadium,84.0,,,,0,0,69.9628,0.8076923076923077,0.9159120310478654,6084.745762711865,14,86078,717,Lester,Baby Got Trac
177,311,owner,713.0,1017063,Toby,Conway,GEE,492,24,0,322100,398,0,5,0,142100,488,415,0,458,2024-08-25T11:36:31+10:00,0,24,0,44,0,12,0,18,0,7,0,-9,0,122,0,1,0,0,79.6,228,79.6,83.6667,WCE,0.0,0,,0,,0,,0,Kardinia Park,69.0,,,,0,0,5.65056,,0.868995633187773,4046.4824120603016,-4,300791,713,Paul,Toby or Not To Be
178,524,owner,717.0,1013462,Jase,Burgoyne,PTA,151,24,96,479100,1599,1,20,22300,299400,159,97,120,1988,2024-08-25T11:36:28+10:00,12,217,8,142,5,99,4,72,1,17,-1,-9,0,0,0,2,2,9,96.2,1020,79.95,105.333,FRE,84.6667,1,,0,,0,,0,Perth Stadium,80.5,,,,0,0,25.2788,0.8,0.8043259557344065,5992.4953095684805,8,86078,717,Lester,Baby Got Trac
179,556,owner,719.0,992330,Jordon,Sweet,PTA,259,24,107,461900,1243,1,14,1200,303200,274,58,99,1355,2024-08-25T11:36:28+10:00,8,55,5,80,4,34,7,73,3,13,-1,-27,39,466,1,4,1,3,96.0,1415,88.7857,90.6667,FRE,107.0,1,,0,,0,,0,Perth Stadium,70.0,,,,0,0,35.0682,1.0808080808080809,0.9173431734317343,5202.414352761762,15,45168,719,Luke,He is HIMmelberg
180,685,owner,720.0,1012210,Matt,Roberts,SYD,147,24,118,501500,1614,1,20,17800,344700,162,28,106,1782,2024-08-25T11:36:28+10:00,23,261,8,109,10,115,3,45,1,6,-1,-8,0,0,0,2,0,1,113.6,1984,80.7,107.333,ADE,61.5,0,,0,,0,,0,Sydney Cricket Ground,76.0833,,,,0,0,49.1698,1.1132075471698113,0.9057239057239057,6214.374225526642,15,180650,720,Jordan,StupidSexyFlanders
181,63,owner,718.0,1014026,Kai,Lohmann,BRL,145,24,93,396700,1621,1,23,-4400,245800,150,109,105,2081,2024-08-25T11:36:29+10:00,13,163,1,98,4,88,3,68,0,15,-1,-16,0,0,3,27,2,25,81.6,857,70.4783,75.0,ESS,93.0,0,,0,,0,,0,Brisbane Cricket Ground,58.875,,,,0,0,21.2392,0.8857142857142857,0.7789524267179241,5628.682871181626,5,8258,718,Simon,Wilkie Wonka
182,314,owner,715.0,1025034,Oliver,Dempsey,GEE,117,24,99,411900,1742,1,23,5100,263500,128,86,124,2532,2024-08-25T11:36:28+10:00,12,212,9,194,9,99,2,57,0,18,0,-10,0,0,1,21,1,11,85.8,2102,75.7391,83.0,WCE,99.0,0,,0,,0,,0,Kardinia Park,60.9231,,,,0,0,52.0942,0.7983870967741935,0.6879936808846762,5438.406318532964,11,10857,715,Anthony,Colonel Sanders
183,521,owner,713.0,1027870,Tom,Anastasopoulos,PTA,658,24,0,117300,0,0,0,0,0,656,415,0,0,2024-08-25T11:36:32+10:00,0,0,0,0,0,0,0,0,0,0,0,0,0,0,0,0,0,0,0.0,68,0.0,0.0,FRE,0.0,1,,0,,0,,0,Perth Stadium,0.0,,,,0,0,1.68525,,,,-2,300791,713,Paul,Toby or Not To Be
