feed_id,Year,name,pos,early_avg,late_avg,improvement,n_early,n_late,is_jumper,career_avg_prior,career_avg_delta,SC_trend_slope_8,SC_form_delta_3v6,SC_ema_trend,SC_skewness,SC_ceiling_rate,tog_avg_r8,tog_trend,clearances_avg_r8,clearances_trend,cba_avg_r8,cba_trend,price_change_sum3,price_is_floor,tag_is_hot_r78,tag_is_hot_any,tag_is_injured_returning,pos_is_mid,pos_is_def,pos_is_fwd,pos_is_ruc
993107,2022,Harry Himmelberg,DEF,64.5,105.6,41.1,8,14,1,71.7,7.2,-3.357,7.2,-4.6,-0.169,0.0,92.0,-2.0,0.0,0.0,0.0,0.0,-9500,0,0,0,0,0,1,0,0
1024272,2025,Colby McKercher,DEF,56.4,97.3,41.0,8,15,1,88.5,32.1,-2.702,-2.5,-2.1,-0.728,0.0,76.4,0.6,1.25,0.25,0.4,-0.4,-77400,0,0,0,0,0,1,0,0
993820,2025,Tom Cole,DEF,50.2,90.2,40.1,6,12,1,62.1,11.9,-8.829,-12.5,-10.8,0.72,0.0,75.5,-10.5,0.33,-0.33,,,-86000,0,0,0,0,0,1,0,0
993998,2024,Jy Simpkin,MID,57.9,93.5,35.7,7,11,1,89.7,31.9,0.536,2.5,-1.3,-0.837,0.0,85.6,-0.6,2.57,0.43,35.3,7.2,-30700,0,0,0,0,1,0,0,0
994185,2021,Jordan De Goey,MID,63.0,97.1,34.1,7,13,1,,,0.214,-4.0,11.6,0.005,0.143,78.6,9.4,2.14,0.86,14.5,-6.5,-102300,0,0,0,0,1,0,0,0
296254,2025,Jarman Impey,DEF,65.6,99.5,34.0,7,13,1,78.4,12.8,1.464,8.0,5.7,-0.169,0.0,78.9,-5.4,0.57,0.43,,,-35100,0,0,0,0,0,1,0,0
1004938,2025,Gryan Miers,FWD,71.3,103.1,31.7,6,15,1,74.0,2.7,-1.314,0.0,-4.8,0.217,0.0,81.8,-10.8,1.0,-1.0,0.0,0.0,-17300,0,0,1,0,0,0,1,0
296359,2024,Christian Salem,DEF,57.4,89.1,31.7,5,11,1,83.0,25.6,-19.2,-16.1,-18.7,-0.996,0.0,65.0,-20.5,0.6,0.4,8.2,-8.2,-74000,0,0,0,0,0,1,0,0
293884,2021,Jake Stringer,FWD,72.5,103.4,30.9,6,12,1,,,-12.429,-6.5,-16.8,-0.258,0.167,74.7,-12.2,2.5,0.0,56.0,-2.0,13000,0,0,0,0,0,0,1,0
1001026,2023,Jordan Ridley,DEF,78.8,109.2,30.5,8,9,1,95.2,16.5,-7.405,-16.2,-16.9,-1.506,0.125,81.6,-15.6,0.12,-0.12,,,-54800,0,0,1,0,0,1,0,0
1024272,2024,Colby McKercher,DEF,73.5,103.5,30.0,8,8,1,,,2.333,22.8,17.0,-0.239,0.25,71.1,13.4,0.62,-0.12,9.1,-9.1,26900,0,1,1,0,0,1,0,0
295265,2021,Nick Haynes,DEF,55.7,85.4,29.7,6,13,1,,,-11.486,-11.7,-16.8,-1.026,0.0,73.0,-25.5,0.33,0.17,,,-120600,0,0,0,0,0,1,0,0
1006058,2023,Bailey Scott,MID,56.8,86.0,29.2,8,15,1,62.5,5.7,-1.595,-3.0,0.2,-0.226,0.0,82.2,-0.2,1.12,0.38,0.4,-0.4,-40800,0,0,0,0,1,0,0,0
990291,2022,Darcy Cameron,RUC,65.1,94.4,29.2,7,14,1,77.3,12.1,12.786,19.8,18.7,0.31,0.286,66.9,13.1,1.71,1.79,35.4,32.6,20700,0,0,0,0,0,0,0,1
291800,2025,Tom Stewart,DEF,71.6,100.6,29.0,5,13,1,106.7,35.1,-1.1,11.4,-5.3,-0.474,0.4,67.0,13.0,0.2,0.3,0.0,0.0,-84300,0,0,0,0,0,1,0,0
1005577,2024,Sam Draper,RUC,58.3,86.5,28.2,6,10,1,73.4,15.1,2.229,11.0,3.2,-0.529,0.0,72.2,-2.2,3.17,-0.17,48.2,-5.2,-34000,0,0,0,0,0,0,0,1
1000978,2023,Hugh McCluggage,MID,76.2,103.7,27.5,8,14,1,101.8,25.5,4.595,5.8,4.1,0.25,0.0,80.1,-0.6,4.0,0.0,35.9,3.6,12000,0,0,0,0,1,0,0,0
998102,2025,Andrew McGrath,DEF,65.6,92.8,27.2,7,15,1,89.1,23.6,0.429,5.2,-0.5,-1.051,0.0,83.1,0.9,0.86,-0.36,0.3,-0.3,-36200,0,0,1,0,0,1,0,0
1001299,2022,Connor Rozee,DEF,76.2,103.1,26.8,8,14,1,73.5,-2.7,9.595,15.2,4.0,0.823,0.125,81.8,1.8,2.75,1.75,38.5,23.0,111600,0,0,1,1,0,1,0,0
999827,2024,Zac Fisher,FWD,70.8,96.4,25.7,8,10,1,70.0,-0.8,-0.929,-7.2,3.0,-0.836,0.125,72.8,-12.8,0.62,-0.12,,,-34600,0,1,1,0,0,0,1,0
1013974,2025,Mark Keane,DEF,61.0,86.3,25.3,8,15,1,72.6,11.6,1.071,-0.8,-3.6,0.71,0.125,93.0,3.0,0.25,-0.25,,,20600,0,0,0,0,0,1,0,0
280506,2023,Taylor Walker,FWD,73.5,98.7,25.2,8,14,1,88.5,15.0,0.071,-4.0,-6.9,0.345,0.125,80.5,-1.5,0.75,-0.75,0.0,0.0,5200,0,0,0,1,0,0,1,0
1000223,2022,Liam Baker,DEF,62.0,87.1,25.1,8,14,1,82.5,20.5,0.143,-1.3,-4.3,-0.209,0.0,82.2,-3.2,1.25,-0.75,1.6,-1.6,-13100,0,0,0,0,0,1,0,0
1006314,2021,Dylan Moore,FWD,62.1,86.2,24.0,8,12,1,,,-5.345,-8.8,-4.9,0.318,0.0,80.8,-3.2,0.38,-0.38,0.5,-0.5,-51300,0,0,0,0,0,0,1,0
1013197,2025,Sam Banks,DEF,65.1,88.4,23.3,7,15,1,49.0,-16.1,2.214,8.5,1.3,-0.971,0.0,72.0,5.0,1.14,-0.64,,,55400,0,0,0,1,0,1,0,0
993946,2024,Ben Keays,FWD,66.6,88.7,22.1,8,15,1,94.2,27.6,2.821,0.3,-0.6,0.087,0.0,84.1,0.4,1.5,1.0,0.0,0.0,12700,0,0,1,0,0,0,1,0
293845,2025,Jeremy Cameron,FWD,75.1,96.8,21.7,8,15,1,85.9,10.8,0.56,-5.3,-6.0,-0.222,0.25,92.4,1.6,0.38,-0.38,1.5,4.5,12000,0,0,1,1,0,0,1,0
1009191,2025,Miles Bergman,DEF,70.1,91.8,21.7,8,11,1,68.6,-1.5,-5.75,-22.0,-4.3,0.127,0.125,80.8,3.8,0.12,-0.12,10.2,30.8,-105800,0,0,1,0,0,1,0,0
990290,2022,Tom Barrass,DEF,77.2,98.4,21.2,5,14,1,79.3,2.1,-7.0,-4.9,-7.4,-1.108,0.0,86.0,1.0,0.8,1.2,0.0,0.0,-8400,0,0,0,0,0,1,0,0
293871,2025,Jack Crisp,MID,78.7,99.7,21.0,7,15,1,94.0,15.3,-4.214,0.3,-5.8,0.53,0.143,83.4,-0.9,1.71,-1.21,11.7,18.8,-35800,0,0,1,0,1,0,0,0
1013462,2024,Jase Burgoyne,DEF,66.4,87.2,20.8,7,13,1,51.8,-14.6,7.321,16.7,1.0,0.283,0.143,68.6,19.9,2.14,1.36,,,145300,0,1,1,0,0,1,0,0
992010,2022,Brayden Maynard,DEF,68.3,89.0,20.7,6,14,1,92.3,24.0,-1.543,0.0,-1.4,0.549,0.333,84.0,-2.5,0.17,0.33,1.2,2.3,-49400,0,0,0,0,0,1,0,0
994389,2021,Jack Sinclair,DEF,73.8,94.0,20.2,8,13,1,,,2.548,10.8,1.5,0.62,0.125,82.9,-1.9,2.25,-1.25,9.6,-7.1,30300,0,1,1,0,0,1,0,0
298539,2021,Isaac Heeney,MID,69.3,89.6,20.2,6,14,1,,,-18.914,-30.3,-20.0,-0.068,0.333,73.8,7.2,0.0,0.0,1.5,-1.5,-114000,0,0,0,0,1,0,0,0
294305,2023,Lachie Whitfield,DEF,79.7,99.4,19.7,7,14,1,88.9,9.2,8.429,6.7,10.8,-0.546,0.286,77.9,4.6,0.57,-0.07,,,14600,0,0,0,1,0,1,0,0
1015507,2023,Nasiah Wanganeen-Milera,DEF,72.6,91.8,19.2,8,15,1,55.1,-17.6,4.107,5.2,7.9,0.305,0.0,80.9,-6.4,0.0,0.0,,,35600,0,1,1,0,0,1,0,0
993107,2023,Harry Himmelberg,DEF,68.4,87.6,19.2,8,14,1,81.2,12.8,6.893,11.5,4.2,0.163,0.125,78.1,0.4,2.12,2.38,19.5,13.0,52100,0,0,0,0,0,1,0,0
993946,2023,Ben Keays,FWD,68.2,87.2,19.0,8,15,1,101.3,33.0,-5.643,-14.7,-9.4,0.474,0.125,84.5,3.5,1.0,-0.5,19.8,-18.2,-79600,0,0,0,0,0,0,1,0
1006314,2025,Dylan Moore,FWD,74.1,92.5,18.4,7,15,1,90.4,16.2,-3.964,-9.8,-8.4,-0.25,0.286,79.7,-9.2,1.57,-0.57,21.9,3.1,-57000,0,0,0,0,0,0,1,0
1012857,2025,Jack Ginnivan,FWD,66.8,85.1,18.2,6,15,1,60.4,-6.4,10.029,17.2,11.1,0.496,0.167,78.7,5.3,0.83,-0.33,0.8,1.2,5300,0,1,1,0,0,0,1,0
1008280,2022,Ed Richards,MID,72.5,90.5,18.0,8,13,1,60.0,-12.5,4.81,9.3,5.9,-0.628,0.0,81.2,-2.8,0.5,0.0,,,74700,0,0,0,0,1,0,0,0
294685,2021,Zac Williams,FWD,73.6,90.9,17.3,5,9,1,,,-9.9,-5.6,-11.0,-1.405,0.0,76.8,0.7,4.0,-3.0,23.3,-8.8,-36300,0,0,0,1,0,0,1,0
996708,2023,Bailey Dale,DEF,79.6,96.8,17.2,8,15,1,98.6,18.9,-2.226,-15.3,-4.5,1.082,0.25,80.9,-1.9,0.57,-0.07,,,-88700,0,0,1,0,0,1,0,0
298268,2023,Liam Duggan,DEF,79.5,96.1,16.6,8,14,1,77.6,-1.9,4.0,0.2,1.7,0.392,0.125,84.5,0.5,0.75,1.25,9.9,16.6,36100,0,1,1,0,0,1,0,0
1023517,2023,Will Ashcroft,MID,75.4,91.8,16.4,8,10,1,,,-1.798,-1.8,-6.1,-0.237,0.25,77.2,0.8,3.62,-1.12,40.9,2.6,42100,0,0,0,0,1,0,0,0
298630,2021,Kyle Langford,FWD,78.2,94.3,16.1,8,9,1,,,2.048,1.7,3.7,0.661,0.0,83.6,4.4,1.38,-0.38,17.2,22.8,3000,0,1,1,0,0,0,1,0
1005144,2024,Massimo D'Ambrosio,MID,76.9,92.7,15.9,7,15,1,47.6,-29.3,-9.357,-3.3,-12.9,0.555,0.143,71.6,-16.1,0.57,-0.57,,,32200,0,0,0,0,1,0,0,0
998114,2021,Jack Scrimshaw,DEF,73.6,89.3,15.7,7,13,1,,,9.036,1.3,10.6,-1.049,0.143,73.7,6.8,0.71,0.29,4.6,11.4,21900,0,1,1,0,0,1,0,0
293871,2024,Jack Crisp,MID,77.1,92.5,15.4,7,15,1,96.1,19.0,6.143,0.7,8.7,0.362,0.286,70.4,3.6,4.29,2.21,37.7,35.8,2800,0,0,0,0,1,0,0,0
294318,2023,Ollie Wines,MID,73.0,88.3,15.3,8,15,1,109.1,36.1,0.952,11.3,4.3,-1.161,0.0,71.6,-3.6,4.0,-2.0,55.4,5.6,-25600,0,0,0,0,1,0,0,0
1002267,2021,Luke Davies-Uniacke,MID,74.7,89.3,14.6,6,14,1,,,-8.743,-11.3,-8.6,1.379,0.167,84.7,0.3,2.17,-1.17,55.5,-7.5,-61500,0,0,0,0,1,0,0,0
998134,2024,Josh Battle,DEF,74.9,89.3,14.5,8,15,1,66.7,-8.2,-4.155,-9.8,-0.4,-0.463,0.125,90.1,-2.6,0.38,0.62,3.2,-3.2,-59900,0,0,1,0,0,1,0,0
291902,2025,Jack Viney,MID,79.1,93.5,14.4,8,10,1,92.5,13.3,6.44,19.7,10.0,0.72,0.25,79.8,4.8,3.38,0.62,71.4,14.6,50400,0,1,1,0,1,0,0,0
296324,2022,Jesse Hogan,FWD,74.7,88.9,14.2,6,12,1,75.4,0.7,2.286,3.7,3.4,0.543,0.333,82.0,0.5,0.0,0.0,,,-9000,0,1,1,0,0,0,1,0
1006126,2023,James Rowbottom,MID,74.9,88.3,13.5,8,15,1,80.7,5.8,2.012,6.3,4.3,0.403,0.0,75.4,-2.9,4.12,1.38,63.1,-8.1,-800,0,0,0,0,1,0,0,0
1023270,2025,Marcus Windhager,MID,73.4,86.7,13.4,8,15,1,58.7,-14.7,-2.155,-1.2,-1.3,0.426,0.25,81.9,3.1,3.0,-2.5,48.2,-48.2,-5600,0,0,1,0,1,0,0,0
1009253,2024,Lachie Ash,DEF,74.4,87.7,13.2,7,9,1,73.8,-0.6,7.214,3.3,2.4,-0.222,0.286,77.0,2.5,0.43,-0.43,,,53400,0,0,0,0,0,1,0,0
1012013,2023,Nic Martin,MID,79.6,92.7,13.1,8,15,1,79.2,-0.4,2.012,-1.0,-0.6,0.733,0.125,90.9,2.1,1.12,-1.12,0.0,0.0,6700,0,0,1,0,1,0,0,0
1000223,2021,Liam Baker,DEF,74.4,87.2,12.8,8,14,1,,,2.893,-0.7,-0.2,0.185,0.125,82.6,-3.1,0.75,1.25,7.8,23.2,4500,0,0,1,0,0,1,0,0
990290,2024,Tom Barrass,DEF,76.1,88.8,12.7,7,11,1,84.8,8.6,9.893,4.3,16.6,-0.25,0.143,95.4,-0.9,0.57,0.43,,,-2600,0,0,0,0,0,1,0,0
295898,2022,Tim Kelly,MID,78.0,90.0,12.0,5,12,1,85.4,7.4,5.3,6.3,5.9,0.1,0.0,81.0,-0.5,4.8,0.2,86.0,-4.0,-28700,0,0,1,0,1,0,0,0
296733,2021,Mark Blicavs,RUC,76.5,88.4,11.9,8,13,1,,,0.429,-3.5,3.0,0.177,0.125,91.6,0.4,1.5,2.0,15.9,17.1,-38300,0,1,1,1,0,0,0,1
990827,2021,Jack Graham,MID,76.6,88.3,11.7,8,14,1,,,0.56,0.0,0.6,0.535,0.25,77.9,-3.4,2.0,-0.5,26.2,13.2,12400,0,0,0,0,1,0,0,0
1005247,2023,Sam Taylor,DEF,76.8,88.3,11.5,6,9,1,89.5,12.6,0.143,-0.2,-3.6,0.324,0.167,88.3,-13.3,0.33,0.17,,,-26300,0,0,0,0,0,1,0,0
1008436,2025,Kieren Briggs,RUC,75.8,87.3,11.5,6,12,1,93.5,17.6,-8.371,-20.8,-3.7,-0.677,0.167,72.5,-8.0,3.83,0.17,75.0,-3.0,-103600,0,0,0,0,0,0,0,1
991930,2022,Darcy Byrne-Jones,FWD,77.9,87.2,9.3,8,13,1,75.4,-2.5,-2.964,-6.5,-5.5,0.841,0.25,80.2,-5.2,0.88,-0.38,,,-3400,0,0,1,0,0,0,1,0
1009253,2023,Lachie Ash,DEF,78.0,86.9,8.9,8,15,1,68.0,-10.0,0.619,-4.2,3.4,-0.524,0.0,84.1,-1.6,0.5,0.0,0.0,0.0,-5900,0,1,1,0,0,1,0,0
1006126,2022,James Rowbottom,MID,79.6,88.5,8.8,8,13,1,74.6,-5.0,-5.94,-12.3,-10.6,0.241,0.375,77.2,-4.2,4.0,-1.5,40.5,4.0,-19600,0,0,0,0,1,0,0,0
1004863,2023,Mitchell Hinge,DEF,79.4,88.0,8.6,8,14,1,65.5,-13.9,2.274,0.3,2.1,-0.485,0.0,85.9,0.1,0.38,-0.38,,,23400,0,0,0,0,0,1,0,0
298289,2021,Peter Wright,FWD,77.2,85.6,8.3,8,12,1,,,2.452,8.5,-4.6,1.539,0.125,83.0,-4.0,1.88,-0.38,46.9,-31.4,94800,0,0,0,0,0,0,1,0
1006136,2024,Lachlan Sholl,MID,79.4,87.0,7.6,5,15,1,66.7,-12.7,3.1,-1.1,2.1,-0.59,0.2,75.0,9.0,0.8,-0.3,,,8600,0,1,1,0,1,0,0,0
1002312,2021,Zac Bailey,MID,79.9,87.1,7.3,8,14,1,,,1.226,14.0,3.7,-0.572,0.125,78.4,-4.4,2.5,1.0,29.6,6.9,11300,0,0,0,0,1,0,0,0
1009420,2021,Caleb Serong,MID,78.5,85.4,6.9,8,14,1,,,-1.571,12.7,-0.9,0.418,0.25,71.8,-2.8,5.0,0.0,69.1,3.9,15900,0,0,0,0,1,0,0,0
