player_id,first_name,last_name,team_abbrev,pos_1,pos_2,round_x,points,played,avg,avg3,avg5,price,median_score,id,league_id,user_team_id,round_y,pick,position,autopicked,time,DEF_norm_score,MID_norm_score,RUC_norm_score,FWD_norm_score,final_score
695,Marcus,Bontempelli,WBD,MID,,24,116,23,126.391,119.333,129.8,665800,125.444,1705893.0,1283.0,714.0,1.0,1.0,MID,0.0,8/03/2024 13:18,,2.126,,,2.126
138,Nick,Daicos,COL,DEF,MID,24,186,23,117.174,122.667,123.2,566700,117.174,1705894.0,1283.0,719.0,1.0,2.0,DEF,0.0,8/03/2024 13:18,2.352,1.371,,,2.352
706,Tim,English,WBD,RUC,,24,103,22,108.0,96.6667,102.4,521900,111.4725,1705901.0,1283.0,718.0,1.0,3.0,RUC,0.0,8/03/2024 13:18,,,0.083,,0.083
443,Max,Gawn,MEL,RUC,,24,122,21,124.143,132.0,124.6,637600,128.4,1705908.0,1283.0,713.0,1.0,5.0,RUC,0.0,8/03/2024 13:19,,,2.282,,2.282
197,Zach,Merrett,ESS,MID,,24,135,23,115.261,118.0,115.2,584800,118.6,1705909.0,1283.0,716.0,1.0,6.0,MID,0.0,8/03/2024 13:19,,1.501,,,1.501
629,Rowan,Marshall,STK,RUC,,24,120,23,112.0,130.667,130.6,637300,108.308,1705913.0,1283.0,720.0,1.0,8.0,RUC,0.0,8/03/2024 13:19,,,-0.328,,-0.328
9,Jordan,Dawson,ADE,MID,,24,102,22,102.136,116.667,105.8,534100,100.598,1705915.0,1283.0,714.0,2.0,9.0,MID,0.0,8/03/2024 13:20,,-0.141,,,-0.141
362,Tom,Green,GWS,MID,,24,96,23,106.565,119.333,115.8,590300,105.9,1705916.0,1283.0,719.0,2.0,10.0,MID,0.0,8/03/2024 13:20,,0.343,,,0.343
20,Rory,Laird,ADE,MID,,24,96,23,104.13,93.0,100.6,516600,106.273,1705917.0,1283.0,718.0,2.0,11.0,MID,0.0,8/03/2024 13:20,,0.377,,,0.377
350,Kieren,Briggs,GWS,RUC,,24,113,22,95.8182,101.667,100.8,526500,90.74615,1705918.0,1283.0,717.0,2.0,12.0,RUC,0.0,8/03/2024 13:20,,,,,
526,Zak,Butters,PTA,MID,,24,115,23,120.435,134.0,126.4,642500,120.682,1705920.0,1283.0,713.0,2.0,13.0,MID,0.0,8/03/2024 13:20,,1.691,,,1.691
663,Errol,Gulden,SYD,MID,,24,118,23,108.0,94.0,98.0,519000,108.0,1705921.0,1283.0,716.0,2.0,14.0,MID,0.0,8/03/2024 13:20,,0.534,,,0.534
425,James,Sicily,HAW,DEF,,24,102,20,98.9,87.3333,81.6,477200,96.3889,1705922.0,1283.0,715.0,2.0,15.0,DEF,0.0,8/03/2024 13:20,0.229,,,,0.229
342,Tom,Stewart,GEE,DEF,,24,33,22,96.6818,71.0,94.4,508500,97.42645,1705923.0,1283.0,720.0,2.0,16.0,DEF,0.0,8/03/2024 13:20,0.335,,,,0.335
662,Brodie,Grundy,SYD,RUC,,24,110,23,106.609,87.3333,89.4,469400,111.333,1705927.0,1283.0,719.0,3.0,18.0,RUC,0.0,8/03/2024 13:21,,,0.065,,0.065
483,Luke,Davies-Uniacke,NTH,MID,,24,94,23,109.13,101.0,107.2,568700,108.667,1705928.0,1283.0,718.0,3.0,19.0,MID,0.0,8/03/2024 13:21,,0.595,,,0.595
717,Tom,Liberatore,WBD,MID,,24,112,17,104.235,110.0,100.0,526900,106.0,1705929.0,1283.0,717.0,3.0,20.0,MID,0.0,8/03/2024 13:21,,0.352,,,0.352
242,Caleb,Serong,FRE,MID,,24,109,23,115.696,109.333,108.2,560600,124.583,1705930.0,1283.0,713.0,3.0,21.0,MID,0.0,8/03/2024 13:21,,2.047,,,2.047
719,Jack,Macrae,WBD,MID,FWD,24,112,18,72.7778,55.6667,63.2,311400,76.48075,1705931.0,1283.0,716.0,3.0,22.0,FWD,0.0,8/03/2024 13:21,,,,-0.575,-0.575
552,Connor,Rozee,PTA,MID,,24,78,20,98.25,92.6667,91.8,512300,99.4079,1705932.0,1283.0,715.0,3.0,23.0,MID,0.0,8/03/2024 13:21,,-0.25,,,-0.25
54,Josh,Dunkley,BRL,MID,,24,124,23,111.783,112.333,108.0,545900,111.783,1705933.0,1283.0,720.0,3.0,24.0,MID,0.0,8/03/2024 13:21,,0.879,,,0.879
72,Lachie,Neale,BRL,MID,,24,166,22,119.864,125.333,119.2,593700,117.9445,1705934.0,1283.0,714.0,4.0,25.0,MID,0.0,8/03/2024 13:22,,1.441,,,1.441
198,Darcy,Parish,ESS,MID,,24,81,12,89.3333,91.3333,87.8,478900,87.4,1705935.0,1283.0,719.0,4.0,26.0,MID,0.0,8/03/2024 13:22,,-1.345,,,-1.345
241,Luke,Ryan,FRE,DEF,,24,114,23,116.609,112.667,107.8,565000,126.0,1705937.0,1283.0,718.0,4.0,27.0,DEF,0.0,8/03/2024 13:22,3.253,,,,3.253
301,Jarrod,Witts,GCS,RUC,,24,121,16,107.875,108.0,116.4,578400,104.31450000000001,1705938.0,1283.0,717.0,4.0,28.0,RUC,0.0,8/03/2024 13:22,,,-0.846,,-0.846
286,Touk,Miller,GCS,MID,,24,100,18,102.556,76.6667,89.2,448500,113.45,1705939.0,1283.0,713.0,4.0,29.0,MID,0.0,8/03/2024 13:22,,1.031,,,1.031
215,Andrew,Brayshaw,FRE,MID,,24,127,23,109.826,117.0,125.0,609400,106.25,1705942.0,1283.0,715.0,4.0,31.0,MID,0.0,8/03/2024 13:22,,0.374,,,0.374
126,Sam,Walsh,CAR,MID,,24,139,19,108.368,108.667,107.2,525600,111.889,1705943.0,1283.0,720.0,4.0,32.0,MID,0.0,8/03/2024 13:22,,0.889,,,0.889
640,Jack,Steele,STK,MID,,24,89,23,108.609,108.333,112.0,563500,111.364,1705944.0,1283.0,714.0,5.0,33.0,MID,0.0,8/03/2024 13:22,,0.841,,,0.841
230,Luke,Jackson,FRE,RUC,FWD,24,90,23,94.5217,85.0,75.2,422900,100.5,1705945.0,1283.0,719.0,5.0,34.0,FWD,0.0,8/03/2024 13:22,,,,1.911,1.911
255,Hayden,Young,FRE,DEF,MID,24,94,23,101.348,93.0,104.2,538500,99.25,1705947.0,1283.0,717.0,5.0,36.0,DEF,0.0,8/03/2024 13:23,0.521,-0.264,,,0.521
639,Jack,Sinclair,STK,DEF,MID,24,111,22,109.909,106.667,112.2,594700,101.7085,1705949.0,1283.0,713.0,5.0,37.0,DEF,0.0,8/03/2024 13:23,0.773,-0.04,,,0.773
598,Jayden,Short,RIC,DEF,,24,115,22,82.0909,103.0,96.6,465800,78.3065,1705950.0,1283.0,716.0,5.0,38.0,DEF,0.0,8/03/2024 13:23,,,,,
273,Sam,Flanders,GCS,MID,FWD,24,161,22,119.045,124.667,121.2,594200,118.285,1705954.0,1283.0,720.0,5.0,40.0,FWD,0.0,8/03/2024 13:23,,1.472,,3.752,3.752
27,Reilly,O'Brien,ADE,RUC,,24,92,21,93.2857,90.6667,102.6,521600,88.7333,1705956.0,1283.0,714.0,6.0,41.0,RUC,0.0,8/03/2024 13:23,,,,,
257,Noah,Anderson,GCS,MID,,24,128,23,106.696,115.333,104.8,526400,108.846,1705958.0,1283.0,718.0,6.0,43.0,MID,0.0,8/03/2024 13:24,,0.611,,,0.611
690,Chad,Warner,SYD,MID,,24,114,22,103.864,119.0,96.8,505000,104.51650000000001,1705959.0,1283.0,717.0,6.0,44.0,MID,0.0,8/03/2024 13:24,,0.216,,,0.216
372,Josh,Kelly,GWS,MID,,24,85,15,99.9333,88.3333,89.8,492700,102.833,1705961.0,1283.0,713.0,6.0,45.0,MID,0.0,8/03/2024 13:24,,0.063,,,0.063
590,Toby,Nankervis,RIC,RUC,,24,106,21,110.238,97.3333,100.0,556700,109.846,1705962.0,1283.0,716.0,6.0,46.0,RUC,0.0,8/03/2024 13:24,,,-0.128,,-0.128
703,Caleb,Daniel,WBD,MID,FWD,24,107,15,49.9333,80.3333,54.8,252800,49.9333,1705963.0,1283.0,715.0,6.0,47.0,FWD,0.0,8/03/2024 13:24,,,,,
518,Tristan,Xerri,NTH,RUC,,24,123,23,119.87,149.667,148.8,730000,109.5,1705965.0,1283.0,720.0,6.0,48.0,RUC,0.0,8/03/2024 13:24,,,-0.173,,-0.173
120,Nic,Newman,CAR,DEF,,24,132,23,101.478,114.0,114.0,553000,98.0,1705967.0,1283.0,714.0,7.0,49.0,DEF,0.0,8/03/2024 13:24,0.394,,,,0.394
601,Tim,Taranto,RIC,MID,,24,105,15,94.5333,83.0,80.8,450300,96.0769,1705970.0,1283.0,718.0,7.0,51.0,MID,0.0,8/03/2024 13:25,,-0.554,,,-0.554
566,Shai,Bolton,RIC,MID,FWD,24,49,22,77.2273,60.0,60.2,341400,82.41765,1705972.0,1283.0,713.0,7.0,53.0,FWD,0.0,8/03/2024 13:25,,,,0.039,0.039
474,Jack,Viney,MEL,MID,,24,34,23,88.0,87.3333,80.6,424300,93.7143,1705973.0,1283.0,716.0,7.0,54.0,MID,0.0,8/03/2024 13:25,,-0.769,,,-0.769
67,Hugh,McCluggage,BRL,MID,,24,95,23,98.087,91.3333,96.0,490900,98.6667,1705974.0,1283.0,715.0,7.0,55.0,MID,0.0,8/03/2024 13:25,,-0.317,,,-0.317
418,Jai,Newcombe,HAW,MID,,24,140,23,98.3043,131.0,119.6,564600,90.6667,1705975.0,1283.0,720.0,7.0,56.0,MID,0.0,8/03/2024 13:26,,-1.047,,,-1.047
671,Jake,Lloyd,SYD,DEF,MID,24,79,23,82.4783,82.3333,83.8,427800,82.4783,1705976.0,1283.0,714.0,8.0,57.0,DEF,0.0,8/03/2024 13:26,-1.191,,,,-1.191
293,Matt,Rowell,GCS,MID,,24,113,23,102.13,98.0,102.6,482400,116.5,1705977.0,1283.0,719.0,8.0,58.0,MID,0.0,8/03/2024 13:26,,1.31,,,1.31
389,Lachie,Whitfield,GWS,DEF,,24,153,23,111.0,118.667,128.2,624300,106.222,1705979.0,1283.0,717.0,8.0,60.0,DEF,0.0,8/03/2024 13:26,1.233,,,,1.233
363,Toby,Greene,GWS,FWD,,24,76,22,79.1364,60.0,77.6,395300,76.58335,1705980.0,1283.0,713.0,8.0,61.0,FWD,0.0,8/03/2024 13:26,,,,-0.565,-0.565
289,Wil,Powell,GCS,DEF,,24,70,18,88.5556,69.6667,76.8,428700,92.875,1705981.0,1283.0,716.0,8.0,62.0,DEF,0.0,8/03/2024 13:26,-0.13,,,,-0.13
702,Bailey,Dale,WBD,DEF,,24,126,23,98.0,82.6667,90.6,464000,96.7273,1705982.0,1283.0,715.0,8.0,63.0,DEF,0.0,8/03/2024 13:27,0.264,,,,0.264
7,Matt,Crouch,ADE,MID,,24,86,15,105.533,98.3333,96.6,524600,108.0,1705984.0,1283.0,720.0,8.0,64.0,MID,0.0,8/03/2024 13:27,,0.534,,,0.534
355,Stephen,Coniglio,GWS,MID,,24,31,13,79.3846,55.0,64.0,360100,95.7143,1705985.0,1283.0,714.0,9.0,65.0,MID,0.0,8/03/2024 13:27,,-0.587,,,-0.587
97,Patrick,Cripps,CAR,MID,,24,106,23,110.478,111.333,109.0,574200,109.273,1705986.0,1283.0,719.0,9.0,66.0,MID,0.0,8/03/2024 13:27,,0.65,,,0.65
730,Adam,Treloar,WBD,MID,,24,84,22,116.591,102.667,120.6,620400,115.0395,1705987.0,1283.0,718.0,9.0,67.0,MID,0.0,8/03/2024 13:27,,1.176,,,1.176
762,Tim,Kelly,WCE,MID,,24,87,20,95.45,87.6667,99.0,496100,94.85835,1705989.0,1283.0,717.0,9.0,68.0,MID,0.0,8/03/2024 13:27,,-0.665,,,-0.665
193,Nic,Martin,ESS,DEF,MID,24,97,23,105.043,120.667,112.2,576400,103.824,1705995.0,1283.0,713.0,9.0,69.0,MID,0.0,8/03/2024 13:28,0.989,0.153,,,0.989
667,James,Jordon,SYD,MID,FWD,24,60,23,67.8696,64.6667,52.4,300200,75.0833,1705996.0,1283.0,716.0,9.0,70.0,FWD,0.0,8/03/2024 13:28,,,,-0.72,-0.72
133,Darcy,Cameron,COL,RUC,,24,92,23,105.13,133.667,124.2,639600,97.9412,1705997.0,1283.0,715.0,9.0,71.0,RUC,0.0,8/03/2024 13:28,,,,,
649,Taylor,Adams,SYD,MID,FWD,24,83,19,68.6842,51.3333,57.4,291500,73.3333,1705998.0,1283.0,720.0,9.0,72.0,FWD,0.0,8/03/2024 13:28,,,,,
295,Alex,Sexton,GCS,DEF,FWD,24,69,15,74.6,59.6667,59.4,343100,78.0,1705999.0,1283.0,714.0,10.0,73.0,FWD,0.0,8/03/2024 13:28,,,,-0.418,-0.418
560,Ollie,Wines,PTA,MID,,24,116,22,99.3636,110.667,115.8,548500,96.725,1706000.0,1283.0,719.0,10.0,74.0,MID,0.0,8/03/2024 13:28,,-0.495,,,-0.495
137,Josh,Daicos,COL,MID,,24,140,23,89.5652,113.0,104.0,487800,87.2727,1706001.0,1283.0,718.0,10.0,75.0,MID,0.0,8/03/2024 13:28,,-1.357,,,-1.357
415,Dylan,Moore,HAW,FWD,,24,107,23,97.7391,114.333,106.4,536400,94.3077,1706002.0,1283.0,717.0,10.0,76.0,FWD,0.0,8/03/2024 13:28,,,,1.27,1.27
652,Nick,Blakey,SYD,DEF,,24,127,23,97.4783,102.333,94.6,477500,99.2,1706013.0,1283.0,716.0,10.0,78.0,DEF,0.0,8/03/2024 13:29,0.516,,,,0.516
307,Jeremy,Cameron,GEE,FWD,,24,143,22,86.5,96.3333,99.4,449000,86.04375,1706016.0,1283.0,720.0,10.0,80.0,FWD,0.0,8/03/2024 13:29,,,,0.414,0.414
645,Callum,Wilkie,STK,DEF,,24,58,23,91.7391,111.0,101.4,532300,84.9,1706028.0,1283.0,718.0,11.0,83.0,DEF,0.0,8/03/2024 13:30,-0.944,,,,-0.944
463,Christian,Salem,MEL,DEF,MID,24,104,17,80.0,99.3333,79.0,423700,78.5,1706033.0,1283.0,717.0,11.0,84.0,DEF,0.0,8/03/2024 13:30,,,,,
194,Andrew,McGrath,ESS,DEF,,24,129,23,95.3913,111.0,99.6,491100,99.1667,1706034.0,1283.0,713.0,11.0,85.0,DEF,0.0,8/03/2024 13:30,0.513,,,,0.513
106,George,Hewett,CAR,MID,,24,122,21,92.1429,102.667,110.2,504700,90.65,1706037.0,1283.0,716.0,11.0,86.0,MID,0.0,8/03/2024 13:30,,-1.049,,,-1.049
643,Nasiah,Wanganeen-Milera,STK,DEF,,24,105,22,100.909,96.3333,103.2,512900,101.535,1706038.0,1283.0,715.0,11.0,87.0,DEF,0.0,8/03/2024 13:30,0.755,,,,0.755
779,Elliot,Yeo,WCE,DEF,MID,24,77,20,104.8,94.3333,101.2,525300,106.1315,1706040.0,1283.0,720.0,11.0,88.0,DEF,0.0,8/03/2024 13:30,1.224,0.364,,,1.224
68,Oscar,McInerney,BRL,RUC,,24,99,22,96.0,97.6667,101.2,507700,92.4,1706041.0,1283.0,714.0,12.0,89.0,RUC,0.0,8/03/2024 13:31,,,,,
160,Darcy,Moore,COL,DEF,,24,40,23,74.8261,63.6667,79.6,395900,76.1429,1706044.0,1283.0,718.0,12.0,91.0,DEF,0.0,8/03/2024 13:31,,,,,
390,Karl,Amon,HAW,DEF,MID,24,75,23,91.6522,98.3333,100.2,505100,89.8235,1706049.0,1283.0,717.0,12.0,92.0,MID,0.0,8/03/2024 13:31,-0.441,-1.124,,,-0.441
562,Liam,Baker,RIC,DEF,FWD,24,88,18,82.3333,90.0,85.0,429400,82.125,1706055.0,1283.0,713.0,12.0,93.0,FWD,0.0,8/03/2024 13:31,-1.228,,,0.009,0.009
304,Mark,Blicavs,GEE,RUC,MID,24,97,22,68.1818,79.6667,75.2,373700,66.96725,1706059.0,1283.0,715.0,12.0,95.0,RUC,0.0,8/03/2024 13:31,,,,,
173,Jye,Caldwell,ESS,MID,FWD,24,53,23,93.9565,70.0,82.6,465600,91.2143,1706060.0,1283.0,720.0,12.0,96.0,FWD,0.0,8/03/2024 13:31,,-0.997,,0.95,0.95
228,Nat,Fyfe,FRE,MID,FWD,24,74,22,69.1818,59.0,58.0,304400,76.4077,1706063.0,1283.0,719.0,13.0,98.0,FWD,0.0,8/03/2024 13:32,,,,-0.583,-0.583
124,Adam,Saad,CAR,DEF,,24,114,17,86.8824,95.6667,93.6,470700,83.0,1706064.0,1283.0,718.0,13.0,99.0,DEF,0.0,8/03/2024 13:32,-1.138,,,,-1.138
325,Max,Holmes,GEE,DEF,MID,24,121,23,99.087,99.3333,89.4,466600,99.375,1706065.0,1283.0,717.0,13.0,100.0,MID,0.0,8/03/2024 13:32,0.534,-0.253,,,0.534
686,James,Rowbottom,SYD,MID,,24,109,21,94.5238,84.6667,79.4,438400,95.3684,1706066.0,1283.0,713.0,13.0,101.0,MID,0.0,8/03/2024 13:32,,-0.618,,,-0.618
648,Mason,Wood,STK,FWD,MID,24,76,18,80.1111,77.6667,67.8,375300,82.05,1706079.0,1283.0,716.0,13.0,102.0,MID,0.0,8/03/2024 13:32,,,,0.001,0.001
86,Dayne,Zorko,BRL,MID,FWD,24,108,23,110.435,111.0,113.4,574700,109.444,1706080.0,1283.0,715.0,13.0,103.0,FWD,0.0,8/03/2024 13:32,,0.666,,2.836,2.836
581,Jacob,Hopper,RIC,MID,,24,89,12,80.8333,79.6667,71.4,394400,84.875,1706082.0,1283.0,720.0,13.0,104.0,MID,0.0,8/03/2024 13:33,,-1.576,,,-1.576
488,Zac,Fisher,NTH,DEF,FWD,24,73,18,85.0,71.0,80.8,426800,80.32220000000001,1706083.0,1283.0,714.0,14.0,105.0,FWD,0.0,8/03/2024 13:33,,,,-0.178,-0.178
367,Harry,Himmelberg,GWS,DEF,,24,101,23,91.2609,94.3333,93.8,479800,89.6364,1706084.0,1283.0,719.0,14.0,106.0,DEF,0.0,8/03/2024 13:33,-0.46,,,,-0.46
47,Zac,Bailey,BRL,MID,FWD,24,74,18,70.5,64.3333,74.6,361400,71.49164999999999,1706087.0,1283.0,717.0,14.0,108.0,FWD,0.0,8/03/2024 13:33,,,,,
315,Mitch,Duncan,GEE,DEF,,24,40,20,78.55,36.0,52.6,338800,80.68945,1706098.0,1283.0,716.0,14.0,110.0,DEF,0.0,8/03/2024 13:34,,,,,
200,Mason,Redman,ESS,DEF,,24,93,21,88.2857,100.333,95.6,482500,86.5714,1706099.0,1283.0,715.0,14.0,111.0,DEF,0.0,8/03/2024 13:34,-0.773,,,,-0.773
16,Mitchell,Hinge,ADE,DEF,,24,59,22,93.4545,72.3333,73.8,432800,96.72810000000001,1706101.0,1283.0,720.0,14.0,112.0,DEF,0.0,8/03/2024 13:34,0.264,,,,0.264
603,Nick,Vlastuin,RIC,DEF,,24,111,22,91.3182,95.6667,95.2,454700,95.63635,1706102.0,1283.0,714.0,15.0,113.0,DEF,0.0,8/03/2024 13:34,0.152,,,,0.152
218,Jordan,Clark,FRE,DEF,,24,83,23,104.609,93.6667,99.6,539500,105.591,1706103.0,1283.0,719.0,15.0,114.0,DEF,0.0,8/03/2024 13:34,1.169,,,,1.169
633,Mitch,Owens,STK,FWD,,24,50,23,63.8261,63.0,68.4,338900,66.2143,1706104.0,1283.0,718.0,15.0,115.0,FWD,0.0,8/03/2024 13:34,,,,,
749,Liam,Duggan,WCE,DEF,,24,42,21,86.0952,57.3333,58.0,370100,93.2,1706113.0,1283.0,717.0,15.0,116.0,DEF,0.0,8/03/2024 13:34,-0.096,,,,-0.096
151,Patrick,Lipinski,COL,FWD,MID,24,131,23,75.6522,88.0,62.6,322900,79.2778,1706117.0,1283.0,713.0,15.0,117.0,FWD,0.0,8/03/2024 13:35,,,,-0.286,-0.286
432,James,Worpel,HAW,MID,,24,61,23,87.3043,87.0,76.0,431400,89.4737,1706119.0,1283.0,716.0,15.0,118.0,MID,0.0,8/03/2024 13:35,,-1.156,,,-1.156
136,Jack,Crisp,COL,DEF,MID,24,70,23,87.1739,85.0,80.0,434500,87.1739,1706120.0,1283.0,715.0,15.0,119.0,MID,0.0,8/03/2024 13:35,-0.712,-1.366,,,-0.712
302,Tom,Atkins,GEE,DEF,MID,24,95,20,80.1,76.3333,73.0,388400,79.9,1706123.0,1283.0,720.0,15.0,120.0,MID,0.0,8/03/2024 13:35,,,,,
462,Trent,Rivers,MEL,DEF,,24,83,23,85.913,73.6667,80.2,431500,81.1667,1706125.0,1283.0,719.0,16.0,122.0,DEF,0.0,8/03/2024 13:35,,,,,
536,Jason,Horne-Francis,PTA,MID,,24,94,21,99.6667,109.0,109.8,537000,102.538,1706129.0,1283.0,718.0,16.0,123.0,MID,0.0,8/03/2024 13:36,,0.036,,,0.036
41,Taylor,Walker,ADE,FWD,,24,36,18,64.4444,46.3333,46.8,285600,68.64935,1706136.0,1283.0,717.0,16.0,124.0,FWD,0.0,8/03/2024 13:36,,,,,
44,Harris,Andrews,BRL,DEF,,24,82,22,83.4091,67.3333,78.0,386300,93.16665,1706138.0,1283.0,713.0,16.0,125.0,DEF,0.0,8/03/2024 13:36,-0.1,,,,-0.1
163,Scott,Pendlebury,COL,MID,,24,102,20,86.45,77.0,91.0,439900,85.7801,1706139.0,1283.0,716.0,16.0,126.0,MID,0.0,8/03/2024 13:36,,-1.493,,,-1.493
409,Connor,Macdonald,HAW,FWD,,24,111,23,74.3478,95.6667,88.8,426400,68.0588,1706140.0,1283.0,715.0,16.0,127.0,FWD,0.0,8/03/2024 13:36,,,,,
725,Ed,Richards,WBD,DEF,MID,24,107,20,98.55,104.333,98.8,514300,95.1627,1706153.0,1283.0,720.0,16.0,128.0,DEF,0.0,8/03/2024 13:37,0.104,-0.637,,,0.104
220,Brennan,Cox,FRE,DEF,,24,65,9,65.1111,71.3333,72.8,381900,59.3333,1706156.0,1283.0,714.0,17.0,129.0,DEF,0.0,8/03/2024 13:37,,,,,
384,Sam,Taylor,GWS,DEF,,24,91,16,71.3125,81.0,65.2,339300,75.83335,1706165.0,1283.0,718.0,17.0,131.0,DEF,0.0,8/03/2024 13:37,,,,,
410,Cam,Mackenzie,HAW,FWD,MID,24,97,20,60.85,72.0,62.0,296600,61.324799999999996,1706166.0,1283.0,717.0,17.0,132.0,FWD,0.0,8/03/2024 13:38,,,,,
312,Patrick,Dangerfield,GEE,MID,,24,100,14,84.2857,93.3333,85.4,434500,84.57140000000001,1706168.0,1283.0,713.0,17.0,133.0,MID,0.0,8/03/2024 13:38,,,,,
331,Gryan,Miers,GEE,FWD,,24,80,23,81.913,81.3333,75.4,382300,86.2667,1706169.0,1283.0,716.0,17.0,134.0,FWD,0.0,8/03/2024 13:38,,,,0.437,0.437
770,Harley,Reid,WCE,MID,FWD,24,78,20,80.55,74.3333,74.2,377300,82.5,1706170.0,1283.0,715.0,17.0,135.0,FWD,0.0,8/03/2024 13:38,,,,0.048,0.048
594,Daniel,Rioli,RIC,DEF,,24,107,23,92.8696,111.0,97.2,516400,89.2353,1706171.0,1283.0,720.0,17.0,136.0,DEF,0.0,8/03/2024 13:38,-0.501,,,,-0.501
635,Mattaes,Phillipou,STK,FWD,,24,80,13,58.2308,88.6667,79.2,364100,53.8182,1706174.0,1283.0,714.0,18.0,137.0,FWD,0.0,8/03/2024 13:38,,,,,
190,Kyle,Langford,ESS,FWD,,24,105,23,78.3478,87.3333,73.2,399800,77.7692,1706186.0,1283.0,718.0,18.0,139.0,FWD,0.0,8/03/2024 13:38,,,,-0.442,-0.442
677,Hayden,McLean,SYD,RUC,FWD,24,82,23,68.4348,65.6667,62.2,334100,68.2381,1706187.0,1283.0,717.0,18.0,140.0,FWD,0.0,8/03/2024 13:39,,,,,
164,Isaac,Quaynor,COL,DEF,,24,53,23,58.5217,72.3333,57.4,302300,58.9231,1706188.0,1283.0,713.0,18.0,141.0,DEF,0.0,8/03/2024 13:39,,,,,
181,Jade,Gresham,ESS,FWD,,24,48,22,59.0909,44.6667,51.0,265500,63.26665,1706197.0,1283.0,720.0,18.0,144.0,FWD,0.0,8/03/2024 13:40,,,,,
682,Luke,Parker,SYD,MID,,24,102,7,70.8571,93.0,74.0,412900,64.6667,1706202.0,1283.0,719.0,19.0,146.0,MID,0.0,8/03/2024 13:40,,,,,
525,Ryan,Burton,PTA,DEF,,24,81,13,71.9231,59.0,59.4,328900,77.5556,1706204.0,1283.0,717.0,19.0,148.0,DEF,0.0,8/03/2024 13:40,,,,,
75,Cam,Rayner,BRL,FWD,MID,24,72,23,78.4348,67.3333,82.4,429400,74.7059,1706205.0,1283.0,713.0,19.0,149.0,FWD,0.0,8/03/2024 13:40,,,,-0.759,-0.759
19,Ben,Keays,ADE,FWD,,24,97,23,81.0435,94.0,92.8,510500,67.0909,1706206.0,1283.0,716.0,19.0,150.0,FWD,0.0,8/03/2024 13:40,,,,,
354,Finn,Callaghan,GWS,MID,,24,90,22,81.9545,96.0,92.8,463900,77.4533,1706208.0,1283.0,720.0,19.0,152.0,MID,0.0,8/03/2024 13:40,,,,,
177,Sam,Draper,ESS,FWD,RUC,24,60,16,75.9375,80.6667,88.0,456600,63.67855,1706211.0,1283.0,714.0,20.0,153.0,RUC,0.0,8/03/2024 13:40,,,,,
507,Tom,Powell,NTH,FWD,MID,24,48,23,80.1739,83.0,91.0,445100,84.0833,1706215.0,1283.0,719.0,20.0,154.0,FWD,0.0,8/03/2024 13:41,,,,0.212,0.212
461,Kysaiah,Pickett,MEL,FWD,,24,111,21,73.381,85.0,76.4,387500,72.25,1706226.0,1283.0,713.0,20.0,157.0,FWD,0.0,8/03/2024 13:41,,,,,
369,Connor,Idun,GWS,DEF,,24,77,23,85.0,81.3333,82.6,451500,82.9333,1706227.0,1283.0,716.0,20.0,158.0,DEF,0.0,8/03/2024 13:41,-1.145,,,,-1.145
423,Jack,Scrimshaw,HAW,DEF,,24,68,22,82.0,86.6667,81.6,432300,81.83930000000001,1706230.0,1283.0,720.0,20.0,160.0,DEF,0.0,8/03/2024 13:41,,,,,
52,Joe,Daniher,BRL,FWD,,24,66,23,83.913,72.0,72.8,390000,85.0,1706231.0,1283.0,714.0,21.0,161.0,FWD,0.0,8/03/2024 13:42,,,,0.306,0.306
434,Jack,Billings,MEL,FWD,MID,24,85,16,57.625,79.0,62.0,299100,58.833349999999996,1706232.0,1283.0,719.0,21.0,162.0,FWD,0.0,8/03/2024 13:42,,,,,
533,Kane,Farrell,PTA,DEF,,24,50,22,82.5909,62.3333,74.0,418400,82.64545000000001,1706244.0,1283.0,713.0,21.0,165.0,DEF,0.0,8/03/2024 13:42,-1.174,,,,-1.174
517,George,Wardlaw,NTH,MID,,24,100,18,85.6111,83.3333,74.8,430500,83.62119999999999,1706246.0,1283.0,715.0,21.0,167.0,MID,0.0,8/03/2024 13:42,,,,,
511,Jy,Simpkin,NTH,FWD,MID,24,114,18,79.6667,94.3333,91.6,444600,71.8,1706247.0,1283.0,720.0,21.0,168.0,MID,0.0,8/03/2024 13:42,,,,,
368,Jesse,Hogan,GWS,FWD,,24,78,23,92.3913,105.333,111.2,557600,90.5,1706248.0,1283.0,714.0,22.0,169.0,FWD,0.0,8/03/2024 13:43,,,,0.876,0.876
457,Alex,Neal-Bullen,MEL,FWD,,24,72,23,85.087,96.3333,92.6,457800,84.6154,1706284.0,1283.0,717.0,22.0,172.0,FWD,0.0,8/03/2024 13:43,,,,0.267,0.267
87,Blake,Acres,CAR,MID,,24,110,22,92.9091,92.0,84.6,460100,94.4048,1706291.0,1283.0,713.0,22.0,173.0,MID,0.0,8/03/2024 13:43,,-0.706,,,-0.706
154,Brayden,Maynard,COL,DEF,,24,63,23,78.0,62.6667,61.8,316900,90.2143,1706292.0,1283.0,716.0,22.0,174.0,DEF,0.0,8/03/2024 13:43,-0.401,,,,-0.401
417,Conor,Nash,HAW,MID,,24,53,23,76.4348,72.3333,75.6,412100,76.6667,1706295.0,1283.0,720.0,22.0,176.0,MID,0.0,8/03/2024 13:44,,,,,
277,Bailey,Humphrey,GCS,FWD,,24,37,21,50.1905,42.6667,45.8,237500,52.2353,1706296.0,1283.0,714.0,23.0,177.0,FWD,0.0,8/03/2024 13:44,,,,,
123,Marc,Pittonet,CAR,RUC,,24,95,13,89.8462,101.333,93.8,467200,87.375,1706309.0,1283.0,718.0,23.0,179.0,RUC,0.0,8/03/2024 13:44,,,,,
503,Colby,McKercher,NTH,DEF,MID,24,84,16,88.5,109.0,104.8,538500,81.73335,1706317.0,1283.0,717.0,23.0,180.0,MID,0.0,8/03/2024 13:44,,,,,
263,Connor,Budarick,GCS,DEF,,24,67,8,63.375,76.3333,70.0,341500,58.3,1706330.0,1283.0,713.0,23.0,181.0,DEF,0.0,8/03/2024 13:44,,,,,
386,Callan,Ward,GWS,MID,,24,68,18,77.3889,63.3333,75.2,382900,75.80555000000001,1706337.0,1283.0,716.0,23.0,182.0,MID,0.0,8/03/2024 13:44,,,,,
721,Aaron,Naughton,WBD,FWD,,24,48,19,70.5789,56.3333,64.2,302400,75.0,1706340.0,1283.0,715.0,23.0,183.0,FWD,0.0,8/03/2024 13:45,,,,-0.729,-0.729
167,Lachie,Schultz,COL,FWD,,24,43,20,60.75,62.6667,65.0,320300,60.59375,1736462.0,1283.0,720.0,23.0,184.0,FWD,0.0,9/03/2024 13:08,,,,,
1,Sam,Berry,ADE,MID,,24,83,18,63.6111,81.6667,71.2,377400,57.64775,,,,,,,,,,,,,
10,Billy,Dowling,ADE,MID,FWD,24,62,9,66.7778,58.3333,71.8,326400,66.7778,,,,,,,,,,,,,
102,Corey,Durdin,CAR,FWD,,24,26,13,38.7692,41.3333,32.0,185700,39.0,,,,,,,,,,,,,
104,Orazio,Fantasia,CAR,FWD,,24,48,14,39.9286,48.0,49.0,240400,34.94445,,,,,,,,,,,,,
107,Elijah,Hollands,CAR,FWD,MID,24,83,21,75.1429,80.3333,80.0,404700,71.75,,,,,,,,,,,,,
108,Oliver,Hollands,CAR,MID,,24,96,22,61.8636,94.6667,83.0,397000,53.933350000000004,,,,,,,,,,,,,
109,Brodie,Kemp,CAR,DEF,,24,38,20,70.8,64.0,69.0,363200,72.125,,,,,,,,,,,,,
110,Matthew,Kennedy,CAR,FWD,MID,24,65,23,76.913,94.3333,90.2,441300,75.1111,,,,,,,,,,,,-0.717,-0.717
117,Ashton,Moir,CAR,FWD,,24,38,2,28.5,28.5,28.5,117300,23.75,,,,,,,,,,,,,
119,Jesse,Motlop,CAR,FWD,,24,27,6,39.3333,33.3333,35.8,222200,43.791650000000004,,,,,,,,,,,,,
12,Darcy,Fogarty,ADE,FWD,,24,46,23,67.5217,66.6667,56.8,348400,67.65,,,,,,,,,,,,,
122,Matthew,Owies,CAR,FWD,,24,46,23,53.4783,58.0,51.4,272000,52.8,,,,,,,,,,,,,
127,Jacob,Weitering,CAR,DEF,,24,76,21,77.0,74.6667,80.0,414700,77.0,,,,,,,,,,,,,
130,Lewis,Young,CAR,DEF,,24,60,8,63.125,52.0,59.0,309700,69.275,,,,,,,,,,,,,
131,Edward,Allan,COL,MID,,24,94,2,60.0,60.0,60.0,123900,43.0,,,,,,,,,,,,,
135,Mason,Cox,COL,RUC,FWD,24,56,16,57.125,60.3333,64.6,305900,57.3143,,,,,,,,,,,,,
140,Charlie,Dean,COL,DEF,,24,32,8,55.125,46.3333,57.0,264900,56.875,,,,,,,,,,,,,
142,Jamie,Elliott,COL,FWD,,24,78,15,63.5333,67.3333,67.4,319500,63.5333,,,,,,,,,,,,,
145,Bobby,Hill,COL,FWD,,24,92,23,62.6957,68.3333,83.0,359500,59.3077,,,,,,,,,,,,,
146,Will,Hoskin-Elliott,COL,DEF,MID,24,62,20,65.6,50.0,66.4,332500,65.04165,,,,,,,,,,,,,
147,Jeremy,Howe,COL,DEF,,24,77,19,81.0526,90.3333,93.4,459900,76.2857,,,,,,,,,,,,,
152,Finlay,Macrae,COL,FWD,MID,24,41,9,44.1111,46.6667,46.8,249100,42.8,,,,,,,,,,,,,
155,Beau,McCreery,COL,FWD,,24,58,17,53.8824,78.0,59.2,304800,53.625,,,,,,,,,,,,,
162,John,Noble,COL,DEF,,24,93,20,78.2,87.0,78.8,387200,77.78125,,,,,,,,,,,,,
165,Joe,Richards,COL,FWD,,24,74,9,57.3333,42.0,42.6,224600,67.4,,,,,,,,,,,,,
168,Steele,Sidebottom,COL,MID,,24,108,22,75.3182,93.0,78.4,414200,69.35714999999999,,,,,,,,,,,,,
17,Chayce,Jones,ADE,DEF,MID,24,27,16,59.75,47.3333,53.6,306200,60.84165,,,,,,,,,,,,,
171,Nick,Bryan,ESS,RUC,,24,63,5,70.8,70.6667,70.8,364300,71.0,,,,,,,,,,,,,
172,Nate,Caddy,ESS,FWD,,24,38,10,51.9,58.0,53.0,279400,50.9,,,,,,,,,,,,,
178,Sam,Durham,ESS,MID,,24,86,22,89.5,79.0,86.8,463600,88.34934999999999,,,,,,,,,,-1.259,,,-1.259
182,Matt,Guelfi,ESS,FWD,,24,10,13,71.3846,24.3333,51.6,318000,77.0,,,,,,,,,,,,-0.522,-0.522
184,Dyson,Heppell,ESS,DEF,,24,116,18,88.0,85.3333,82.8,416800,92.2689,,,,,,,,,-0.192,,,,-0.192
186,Ben,Hobbs,ESS,FWD,MID,24,19,12,48.75,27.6667,31.2,211600,56.55555,,,,,,,,,,,,,
188,Harrison,Jones,ESS,FWD,,24,30,21,56.9048,52.6667,58.6,311400,56.3333,,,,,,,,,,,,,
189,Jake,Kelly,ESS,DEF,MID,24,67,20,62.95,44.3333,51.0,267800,67.49455,,,,,,,,,,,,,
191,Jayden,Laverde,ESS,DEF,,24,74,21,67.3333,91.6667,70.2,367900,64.1818,,,,,,,,,,,,,
195,Ben,McKay,ESS,DEF,,24,36,23,67.7391,73.0,67.4,381100,68.5238,,,,,,,,,,,,,
199,Archie,Perkins,ESS,FWD,MID,24,66,18,64.6111,47.3333,46.2,237800,79.475,,,,,,,,,,,,-0.265,-0.265
2,Hugh,Bond,ADE,DEF,,24,43,7,46.4286,53.0,50.8,225000,43.4,,,,,,,,,,,,,
203,Archie,Roberts,ESS,DEF,,24,90,4,78.5,89.3333,78.5,260200,67.58335,,,,,,,,,,,,,
205,Dylan,Shiel,ESS,MID,,24,50,9,76.7778,83.0,78.6,423300,74.5,,,,,,,,,,,,,
206,Jake,Stringer,ESS,FWD,,24,33,23,63.1304,47.0,62.2,318400,63.3889,,,,,,,,,,,,,
213,Jye,Amiss,FRE,FWD,,24,24,22,54.2727,48.6667,62.4,322700,52.1555,,,,,,,,,,,,,
217,Heath,Chapman,FRE,DEF,,24,78,16,70.6875,90.3333,73.4,376100,70.2,,,,,,,,,,,,,
22,Max,Michalanney,ADE,DEF,,24,37,23,65.9565,71.0,67.4,364000,65.4737,,,,,,,,,,,,,
224,Joshua,Draper,FRE,DEF,,24,67,20,49.65,54.3333,55.0,289500,43.525,,,,,,,,,,,,,
227,Michael,Frederick,FRE,FWD,,24,36,20,50.4,56.0,56.8,279600,49.26665,,,,,,,,,,,,,
231,Matthew,Johnson,FRE,MID,,24,27,19,63.3684,41.0,58.8,327100,62.6667,,,,,,,,,,,,,
237,Nathan,O'Driscoll,FRE,MID,,24,79,2,52.5,52.5,52.5,278900,39.25,,,,,,,,,,,,,
238,Jaeger,O'Meara,FRE,MID,,24,79,22,65.2273,66.0,67.8,348300,59.958349999999996,,,,,,,,,,,,,
24,Lachlan,Murphy,ADE,FWD,,24,44,17,56.0,57.6667,57.8,304100,53.5,,,,,,,,,,,,,
240,Liam,Reidy,FRE,RUC,,24,29,2,41.0,41.0,41.0,123900,47.0,,,,,,,,,,,,,
243,Jeremy,Sharp,FRE,MID,,24,83,23,69.9565,81.3333,74.8,368700,70.2143,,,,,,,,,,,,,
246,Sam,Sturt,FRE,FWD,,24,51,13,53.0,56.0,55.6,275300,51.4444,,,,,,,,,,,,,
247,Sam,Switkowski,FRE,FWD,,24,128,20,77.3,91.3333,84.8,403200,74.51025000000001,,,,,,,,,,,,-0.779,-0.779
25,Nick,Murray,ADE,DEF,,24,28,9,54.2222,40.0,40.4,269600,57.5,,,,,,,,,,,,,
250,Corey,Wagner,FRE,DEF,,24,71,12,63.3333,77.3333,67.2,361700,58.933350000000004,,,,,,,,,,,,,
251,Brandon,Walker,FRE,DEF,,24,59,19,61.1053,67.3333,71.4,354300,57.9,,,,,,,,,,,,,
252,Michael,Walters,FRE,FWD,,24,17,17,43.9412,45.0,37.0,211800,46.8333,,,,,,,,,,,,,
258,Mac,Andrew,GCS,DEF,,24,53,20,73.65,49.0,55.2,311500,84.77275,,,,,,,,,-0.957,,,,-0.957
26,Luke,Nankervis,ADE,DEF,MID,24,77,20,71.0,74.0,70.0,352700,70.4853,,,,,,,,,,,,,
260,Charlie,Ballard,GCS,DEF,,24,59,23,63.8261,62.0,60.4,311400,65.9375,,,,,,,,,,,,,
265,Sam,Clohesy,GCS,DEF,MID,24,66,20,69.7,79.3333,64.4,337300,74.2657,,,,,,,,,,,,,
266,Sam,Collins,GCS,DEF,,24,40,23,79.0435,66.6667,67.6,385800,81.8125,,,,,,,,,,,,,
267,Alex,Davies,GCS,MID,FWD,24,58,7,68.7143,60.3333,69.8,341400,69.0,,,,,,,,,,,,,
275,Will,Graham,GCS,DEF,MID,24,90,17,63.4118,73.6667,73.4,320400,67.0,,,,,,,,,,,,,
276,Nick,Holman,GCS,FWD,,24,71,21,53.8095,63.0,59.6,321000,49.6667,,,,,,,,,,,,,
280,Ben,King,GCS,FWD,,24,34,22,59.0909,46.3333,52.6,287500,61.679550000000006,,,,,,,,,,,,,
281,Sean,Lemmens,GCS,DEF,,24,60,3,55.0,55.0,55.0,273100,54.0,,,,,,,,,,,,,
282,Ben,Long,GCS,DEF,FWD,24,81,17,59.1176,60.0,64.6,310200,57.3333,,,,,,,,,,,,,
283,Jack,Lukosius,GCS,DEF,FWD,24,68,21,67.381,47.0,55.2,290300,72.1429,,,,,,,,,,,,,
291,Jake,Rogers,GCS,MID,,24,22,9,39.0,29.3333,28.0,176100,43.8333,,,,,,,,,,,,,
298,Bodhi,Uwland,GCS,DEF,,24,89,21,72.9524,81.3333,78.6,389800,71.1667,,,,,,,,,,,,,
3,James,Borlase,ADE,DEF,,24,43,10,62.3,39.6667,58.8,291800,68.66665,,,,,,,,,,,,,
300,Lachie,Weller,GCS,DEF,,24,27,6,62.1667,61.6667,62.6,374900,64.83335,,,,,,,,,,,,,
303,Jed,Bews,GEE,DEF,,24,31,3,45.6667,45.6667,45.6667,246300,51.0,,,,,,,,,,,,,
305,Jack,Bowes,GEE,DEF,MID,24,130,20,83.35,104.0,84.8,422900,81.4089,,,,,,,,,,,,,
306,Tanner,Bruhn,GEE,MID,,24,93,15,73.0667,71.6667,61.8,358800,75.25,,,,,,,,,,,,,
310,Brad,Close,GEE,FWD,,24,44,23,60.9565,34.0,38.0,236100,67.0,,,,,,,,,,,,,
314,Oliver,Dempsey,GEE,FWD,MID,24,99,23,75.7391,83.0,85.8,411900,74.0625,,,,,,,,,,,,-0.826,-0.826
320,Zach,Guthrie,GEE,DEF,,24,100,23,83.7391,93.6667,82.8,434800,83.5263,,,,,,,,,-1.084,,,,-1.084
323,Jack,Henry,GEE,DEF,,24,98,23,66.8696,87.3333,86.2,415600,59.8,,,,,,,,,,,,,
324,Oliver,Henry,GEE,FWD,,24,101,21,52.0,62.3333,64.2,263500,57.4545,,,,,,,,,,,,,
326,Lawson,Humphries,GEE,DEF,MID,24,47,9,77.6667,71.0,74.6,361000,81.5,,,,,,,,,,,,,
329,Jake,Kolodjashnij,GEE,DEF,,24,86,22,69.4545,82.0,73.8,368000,68.057,,,,,,,,,,,,,
330,Shaun,Mannagh,GEE,MID,FWD,24,90,10,75.2,75.3333,75.6,371800,73.8403,,,,,,,,,,,,-0.849,-0.849
334,Shannon,Neale,GEE,FWD,,24,84,13,58.2308,66.6667,65.4,311400,55.7143,,,,,,,,,,,,,
339,Rhys,Stanley,GEE,RUC,,24,144,12,70.3333,104.0,86.2,384700,61.45,,,,,,,,,,,,,
34,Lachlan,Sholl,ADE,MID,,24,58,20,85.1,72.3333,84.8,440500,85.2,,,,,,,,,,-1.546,,,-1.546
340,Tyson,Stengle,GEE,FWD,,24,92,23,72.7826,59.6667,75.4,351600,73.4706,,,,,,,,,,,,-0.887,-0.887
343,Zach,Tuohy,GEE,MID,,24,61,17,65.9412,56.6667,59.8,315800,68.8462,,,,,,,,,,,,,
351,Callum M.,Brown,GWS,FWD,,24,11,13,49.1538,25.6667,31.4,219200,60.25,,,,,,,,,,,,,
352,Jack,Buckley,GWS,DEF,,24,93,21,78.0,61.6667,78.2,390700,78.0909,,,,,,,,,,,,,
353,Aaron,Cadman,GWS,FWD,,24,60,21,47.7143,57.0,47.0,244100,51.9091,,,,,,,,,,,,,
366,Nick,Haynes,GWS,DEF,,24,23,8,69.875,55.3333,75.8,383700,74.33335,,,,,,,,,,,,,
37,Jake,Soligo,ADE,MID,,24,78,23,83.1304,75.3333,86.2,416400,83.8095,,,,,,,,,,,,,
370,Darcy,Jones,GWS,FWD,,24,26,12,65.1667,70.6667,69.2,370900,62.8095,,,,,,,,,,,,,
371,Lachlan,Keeffe,GWS,FWD,,24,70,3,47.6667,47.6667,47.6667,217900,38.0,,,,,,,,,,,,,
376,Toby,McMullin,GWS,FWD,,24,61,13,43.7692,48.6667,46.6,235200,42.3,,,,,,,,,,,,,
377,Xavier,O'Halloran,GWS,FWD,MID,24,32,17,52.2353,32.6667,35.8,233000,53.1429,,,,,,,,,,,,,
378,James,Peatling,GWS,FWD,MID,24,97,17,65.4706,79.0,93.2,410000,56.8571,,,,,,,,,,,,,
379,Harry,Perryman,GWS,DEF,,24,64,19,77.4737,73.0,72.4,401800,75.875,,,,,,,,,,,,,
385,Harvey,Thomas,GWS,MID,FWD,24,18,22,52.2273,18.6667,32.8,218800,55.04105,,,,,,,,,,,,,
39,Zac,Taylor,ADE,MID,,24,74,9,43.6667,34.0,40.0,201700,43.1429,,,,,,,,,,,,,
393,Luke,Breust,HAW,FWD,,24,49,17,40.8824,37.6667,42.6,228400,40.375,,,,,,,,,,,,,
395,Mabior,Chol,HAW,FWD,,24,83,21,63.4286,71.0,67.4,325000,63.5,,,,,,,,,,,,,
396,Massimo,D'Ambrosio,HAW,DEF,MID,24,134,22,87.6818,114.667,102.2,496100,83.83555,,,,,,,,,-1.053,,,,-1.053
398,Calsher,Dear,HAW,FWD,,24,51,15,51.2,72.3333,63.4,300900,48.1818,,,,,,,,,,,,,
399,Sam,Frost,HAW,DEF,,24,51,23,48.7391,45.3333,46.8,221700,56.0,,,,,,,,,,,,,
40,Riley,Thilthorpe,ADE,FWD,,24,110,7,76.4286,92.3333,88.2,410500,64.5,,,,,,,,,,,,,
400,Jack,Ginnivan,HAW,FWD,,24,113,21,71.8095,75.3333,69.6,373300,67.4615,,,,,,,,,,,,,
402,Jack,Gunston,HAW,FWD,,24,54,16,59.0,89.3333,67.0,355900,54.46425,,,,,,,,,,,,,
403,Blake,Hardwick,HAW,DEF,FWD,24,77,23,75.4348,77.6667,86.0,431500,71.4286,,,,,,,,,,,,,
405,Jarman,Impey,HAW,DEF,,24,85,23,83.5217,83.0,83.6,428700,83.4444,,,,,,,,,-1.093,,,,-1.093
411,Finn,Maginness,HAW,FWD,MID,24,69,11,48.0,35.3333,41.0,218700,49.6667,,,,,,,,,,,,,
413,Lloyd,Meek,HAW,RUC,,24,112,19,103.474,93.6667,101.0,513100,103.474,,,,,,,,,,,-0.955,,-0.955
416,Harry,Morrison,HAW,MID,,24,62,10,54.1,69.6667,52.0,293300,53.661100000000005,,,,,,,,,,,,,
42,Josh,Worrell,ADE,DEF,,24,56,13,85.0,79.3333,75.6,432600,86.7,,,,,,,,,-0.76,,,,-0.76
429,Nick,Watson,HAW,MID,FWD,24,97,16,65.5,85.3333,71.2,368800,57.50695,,,,,,,,,,,,,
43,Callum,Ah Chee,BRL,FWD,MID,24,38,22,64.4545,51.6667,62.6,342300,64.188,,,,,,,,,,,,,
430,Josh,Weddle,HAW,DEF,,24,106,23,73.1739,88.3333,85.2,406400,72.1429,,,,,,,,,,,,,
435,Jake,Bowey,MEL,DEF,,24,45,14,62.7143,76.6667,72.0,362000,59.25455,,,,,,,,,,,,,
439,Kade,Chandler,MEL,FWD,,24,80,23,63.2174,69.3333,67.2,328300,63.3684,,,,,,,,,,,,,
441,Bayley,Fritsch,MEL,FWD,,24,21,23,54.6087,48.6667,48.8,272200,56.2222,,,,,,,,,,,,,
444,Marty,Hore,MEL,DEF,,24,28,6,51.5,61.6667,49.8,241900,48.0,,,,,,,,,,,,,
445,Blake,Howes,MEL,DEF,,24,44,16,58.0625,68.0,59.6,300300,59.7,,,,,,,,,,,,,
448,Ed,Langdon,MEL,MID,,24,73,22,80.2273,96.0,87.0,453000,77.34445,,,,,,,,,,,,,
449,Bailey,Laurie,MEL,FWD,,24,29,6,31.5,49.0,33.8,167400,20.625,,,,,,,,,,,,,
45,Noah,Answerth,BRL,DEF,FWD,24,80,12,56.9167,39.0,47.2,229200,62.88195,,,,,,,,,,,,,
453,Tom,McDonald,MEL,DEF,FWD,24,113,22,79.5,92.3333,75.0,398700,77.43684999999999,,,,,,,,,,,,-0.476,-0.476
454,Judd,McVee,MEL,DEF,,24,29,23,70.7826,47.0,56.2,337300,73.8095,,,,,,,,,,,,,
455,Jake,Melksham,MEL,FWD,,24,60,8,51.0,42.3333,40.4,212800,59.1,,,,,,,,,,,,,
46,Will,Ashcroft,BRL,MID,,24,115,9,81.8889,112.0,92.0,454700,75.7143,,,,,,,,,,,,,
460,Harrison,Petty,MEL,DEF,FWD,24,42,20,51.8,64.3333,61.6,332900,46.875,,,,,,,,,,,,,
469,Koltyn,Tholstrup,MEL,FWD,,24,47,10,58.0,66.0,53.2,291500,55.25,,,,,,,,,,,,,
470,Adam,Tomlinson,MEL,DEF,,24,86,8,75.25,75.6667,66.8,357000,79.625,,,,,,,,,,,,,
471,Daniel,Turner,MEL,DEF,FWD,24,51,15,43.5333,58.0,39.4,216800,43.1429,,,,,,,,,,,,,
472,Jacob,van Rooyen,MEL,FWD,,24,30,21,61.4286,43.3333,48.8,302600,58.0,,,,,,,,,,,,,
476,Taj,Woewodin,MEL,DEF,FWD,24,28,16,28.3125,37.0,24.6,145500,28.2396,,,,,,,,,,,,,
477,Jackson,Archer,NTH,DEF,,24,13,15,46.0,35.3333,54.4,262000,41.8889,,,,,,,,,,,,,
48,Jarrod,Berry,BRL,MID,,24,42,23,83.3913,51.0,65.2,375500,88.25,,,,,,,,,,-1.268,,,-1.268
481,Aidan,Corr,NTH,DEF,,24,64,23,64.3478,53.0,64.6,316700,64.3636,,,,,,,,,,,,,
482,Paul,Curtis,NTH,FWD,,24,54,23,59.0435,64.0,63.4,347100,56.3529,,,,,,,,,,,,,
484,Kallan,Dawson,NTH,DEF,,24,61,11,52.4545,42.6667,50.4,251900,53.5714,,,,,,,,,,,,,
486,Blake,Drury,NTH,FWD,,24,12,6,38.8333,22.0,31.0,163000,52.958349999999996,,,,,,,,,,,,,
495,Robert,Hansen Jr,NTH,FWD,,24,44,6,34.1667,44.6667,34.8,165700,29.625,,,,,,,,,,,,,
498,Nick,Larkey,NTH,FWD,,24,14,23,60.9565,49.3333,57.8,336800,59.0,,,,,,,,,,,,,
50,Charlie,Cameron,BRL,FWD,,24,79,23,58.3478,70.0,62.2,307700,57.8824,,,,,,,,,,,,,
502,Luke,McDonald,NTH,DEF,,24,68,22,66.3636,63.0,67.6,338900,65.8125,,,,,,,,,,,,,
505,Will,Phillips,NTH,MID,,24,82,11,62.4545,82.6667,76.2,363500,52.4,,,,,,,,,,,,,
506,Toby,Pink,NTH,DEF,FWD,24,49,15,38.8667,37.6667,40.2,196700,38.7778,,,,,,,,,,,,,
508,Bailey,Scott,NTH,DEF,MID,24,35,23,73.6957,68.6667,75.8,427500,70.625,,,,,,,,,,,,,
510,Liam,Shiels,NTH,MID,,24,55,17,47.2941,51.6667,48.2,259100,45.1538,,,,,,,,,,,,,
512,Dylan,Stephens,NTH,MID,,24,61,16,48.0,44.3333,53.0,249200,48.125,,,,,,,,,,,,,
516,Darcy,Tucker,NTH,DEF,MID,24,31,23,65.9565,48.6667,55.0,317500,66.0909,,,,,,,,,,,,,
519,Cameron,Zurhaar,NTH,FWD,,24,44,22,69.0,47.0,56.4,327400,69.39285000000001,,,,,,,,,,,,,
520,Aliir,Aliir,PTA,DEF,,24,62,22,75.3182,60.6667,68.8,387100,72.79765,,,,,,,,,,,,,
522,Miles,Bergman,PTA,DEF,MID,24,76,23,77.6087,87.3333,85.4,430900,76.15,,,,,,,,,,,,,
523,Travis,Boak,PTA,FWD,MID,24,76,20,78.6,82.0,75.8,416200,78.3,,,,,,,,,,,,-0.387,-0.387
524,Jase,Burgoyne,PTA,DEF,MID,24,96,20,79.95,105.333,96.2,479100,71.45235,,,,,,,,,,,,,
527,Darcy,Byrne-Jones,PTA,FWD,,24,86,23,63.7391,74.3333,63.6,323500,67.0,,,,,,,,,,,,,
531,Willem,Drew,PTA,MID,,24,52,23,90.5217,68.6667,96.2,482300,93.75,,,,,,,,,,-0.766,,,-0.766
532,Francis,Evans,PTA,FWD,,24,40,14,43.2857,41.0,49.6,250700,38.1389,,,,,,,,,,,,,
535,Mitch,Georgiades,PTA,FWD,,24,74,17,70.1765,83.0,83.6,405400,66.4615,,,,,,,,,,,,,
539,Lachie,Jones,PTA,DEF,,24,43,18,53.3889,45.3333,50.8,264100,54.227999999999994,,,,,,,,,,,,,
545,Jed,McEntee,PTA,FWD,,24,51,13,37.2308,46.0,45.4,222200,32.125,,,,,,,,,,,,,
547,Jackson,Mead,PTA,MID,FWD,24,63,23,61.0435,41.6667,54.6,293500,60.8571,,,,,,,,,,,,,
55,Jaspa,Fletcher,BRL,MID,,24,59,23,64.2609,61.6667,63.8,317600,64.65,,,,,,,,,,,,,
550,Esava,Ratugolea,PTA,DEF,,24,43,20,58.55,46.6667,54.4,272300,60.21665,,,,,,,,,,,,,
551,Willie,Rioli,PTA,FWD,,24,63,17,60.6471,53.0,66.8,312800,58.8182,,,,,,,,,,,,,
556,Jordon,Sweet,PTA,RUC,,24,107,14,88.7857,90.6667,96.0,461900,86.8423,,,,,,,,,,,,,
557,Dante,Visentini,PTA,RUC,,24,29,3,66.0,66.0,66.0,195100,75.0,,,,,,,,,,,,,
561,Brandon,Zerk-Thatcher,PTA,DEF,,24,61,23,64.087,72.3333,78.2,387700,61.875,,,,,,,,,,,,,
563,Noah,Balta,RIC,DEF,FWD,24,52,19,62.1579,55.3333,48.6,280000,68.0769,,,,,,,,,,,,,
564,Sam,Banks,RIC,DEF,MID,24,42,15,46.8667,65.6667,66.0,321300,36.5,,,,,,,,,,,,,
565,Jacob,Bauer,RIC,FWD,,24,61,3,57.3333,57.3333,57.3333,169200,55.5,,,,,,,,,,,,,
567,Nathan,Broad,RIC,DEF,,24,60,22,67.1364,65.0,81.8,379100,65.2222,,,,,,,,,,,,,
569,Seth,Campbell,RIC,FWD,,24,59,21,50.2381,40.0,48.6,236400,51.7143,,,,,,,,,,,,,
577,Jack,Graham,RIC,FWD,MID,24,86,14,69.7857,66.6667,75.8,364900,69.51429999999999,,,,,,,,,,,,,
58,Eric,Hipwood,BRL,FWD,,24,33,20,64.4,54.6667,54.6,328400,64.325,,,,,,,,,,,,,
582,Jacob,Koschitzke,RIC,FWD,,24,31,14,50.5714,36.0,52.0,257200,51.32415,,,,,,,,,,,,,
584,Rhyan,Mansell,RIC,FWD,,24,41,21,59.7619,60.6667,48.8,301000,60.6842,,,,,,,,,,,,,
587,Kamdyn,McIntosh,RIC,MID,,24,55,22,45.9545,37.6667,42.8,214300,45.73915,,,,,,,,,,,,,
588,Ben,Miller,RIC,RUC,FWD,24,54,21,72.8095,55.3333,59.0,317900,77.5882,,,,,,,,,,,,-0.461,-0.461
59,Darragh,Joyce,BRL,DEF,,24,28,6,51.0,45.6667,51.2,260400,52.875,,,,,,,,,,,,,
591,Marlion,Pickett,RIC,MID,FWD,24,43,13,55.0,50.3333,49.6,277600,58.3636,,,,,,,,,,,,,
592,Dion,Prestia,RIC,MID,,24,103,13,79.0769,87.0,88.0,433100,73.5,,,,,,,,,,,,,
593,Hugo,Ralphsmith,RIC,DEF,MID,24,40,18,52.7778,44.3333,46.8,245400,55.791650000000004,,,,,,,,,,,,,
595,Maurice,Rioli,RIC,FWD,,24,55,9,54.6667,37.6667,49.6,258300,56.6,,,,,,,,,,,,,
596,Jack,Ross,RIC,MID,,24,64,7,64.0,73.6667,73.0,381400,56.75,,,,,,,,,,,,,
606,Josh,Battle,STK,DEF,,24,60,23,84.3043,81.0,95.0,491200,80.0769,,,,,,,,,,,,,
608,Dan,Butler,STK,FWD,,24,31,16,40.1875,32.0,38.6,217600,37.333349999999996,,,,,,,,,,,,,
609,Ryan,Byrnes,STK,MID,,24,68,15,60.4,66.0,59.2,323700,60.4,,,,,,,,,,,,,
61,Ryan,Lester,BRL,DEF,,24,65,23,71.3913,59.3333,62.8,332900,71.7778,,,,,,,,,,,,,
612,Hunter,Clark,STK,MID,,24,85,11,76.4545,90.0,83.4,404600,75.6,,,,,,,,,,,,,
616,Paddy,Dow,STK,MID,,24,61,10,60.7,72.3333,56.8,319600,60.683350000000004,,,,,,,,,,,,,
617,Hugo,Garcia,STK,MID,FWD,24,47,8,45.625,30.6667,42.6,196400,49.083349999999996,,,,,,,,,,,,,
622,Jack,Higgins,STK,FWD,,24,76,20,70.8,74.0,61.0,312800,75.5972,,,,,,,,,,,,-0.667,-0.667
623,Bradley,Hill,STK,MID,FWD,24,57,22,72.0909,65.6667,57.8,328600,76.89765,,,,,,,,,,,,-0.532,-0.532
625,Dougal,Howard,STK,DEF,,24,39,15,59.3333,63.0,62.0,328100,58.4167,,,,,,,,,,,,,
626,Zak,Jones,STK,MID,,24,83,13,60.9231,79.0,77.2,374200,49.5,,,,,,,,,,,,,
63,Kai,Lohmann,BRL,FWD,,24,93,23,70.4783,75.0,81.6,396700,66.0833,,,,,,,,,,,,,
631,Tim,Membrey,STK,FWD,,24,56,19,63.4211,86.0,75.4,399700,60.8,,,,,,,,,,,,,
638,Cooper,Sharman,STK,FWD,,24,64,18,56.3333,71.3333,74.0,354900,50.102599999999995,,,,,,,,,,,,,
641,Liam,Stocker,STK,DEF,,24,36,16,52.625,52.6667,53.4,280300,52.38095,,,,,,,,,,,,,
644,Jimmy,Webster,STK,DEF,,24,54,15,61.7333,48.6667,54.0,288900,65.0,,,,,,,,,,,,,
646,Darcy,Wilson,STK,MID,FWD,24,91,23,65.3043,75.3333,72.0,334000,64.1364,,,,,,,,,,,,,
650,Joel,Amartey,SYD,FWD,,24,60,22,55.5455,57.3333,59.0,307100,47.2538,,,,,,,,,,,,,
654,Braeden,Campbell,SYD,DEF,MID,24,67,20,50.05,73.0,68.2,324200,45.8125,,,,,,,,,,,,,
655,Caiden,Cleary,SYD,MID,,24,35,5,28.8,33.3333,28.8,131000,27.0,,,,,,,,,,,,,
656,Harry,Cunningham,SYD,DEF,,24,86,20,54.3,69.6667,67.6,294000,55.1282,,,,,,,,,,,,,
658,Oliver,Florent,SYD,DEF,,24,100,23,78.913,95.0,79.0,399500,79.4286,,,,,,,,,,,,,
659,Robbie,Fox,SYD,DEF,FWD,24,5,16,49.4375,21.3333,45.0,236600,53.77145,,,,,,,,,,,,,
660,Aaron,Francis,SYD,DEF,,24,37,5,49.6,41.6667,49.6,260000,52.75,,,,,,,,,,,,,
665,Will,Hayward,SYD,FWD,,24,32,23,67.3478,66.6667,54.8,318700,69.4118,,,,,,,,,,,,,
675,Logan,McDonald,SYD,FWD,,24,71,23,62.7391,63.3333,57.8,304800,63.8889,,,,,,,,,,,,,
678,Lewis,Melican,SYD,DEF,,24,73,21,52.4286,54.0,56.2,265700,51.4,,,,,,,,,,,,,
679,Callum,Mills,SYD,MID,,24,98,6,73.6667,87.0,77.4,414500,61.875,,,,,,,,,,,,,
683,Dane,Rampe,SYD,DEF,,24,42,18,56.8333,47.3333,42.0,253100,61.8407,,,,,,,,,,,,,
685,Matt,Roberts,SYD,DEF,MID,24,118,20,80.7,107.333,113.6,501500,76.44445,,,,,,,,,,,,,
69,Conor,McKenna,BRL,DEF,,24,56,14,56.0,35.3333,46.2,242900,61.540400000000005,,,,,,,,,,,,,
696,Lachlan,Bramble,WBD,DEF,MID,24,40,23,72.7391,64.0,78.0,400700,72.6316,,,,,,,,,,,,,
704,Sam,Darcy,WBD,FWD,,24,80,20,79.25,101.333,87.8,446800,76.15455,,,,,,,,,,,,-0.609,-0.609
705,Taylor,Duryea,WBD,DEF,,24,67,21,60.1905,60.6667,57.8,289200,62.7273,,,,,,,,,,,,,
707,Joel,Freijah,WBD,MID,FWD,24,61,12,68.75,86.6667,71.2,363900,64.7,,,,,,,,,,,,,
708,Harvey,Gallagher,WBD,FWD,MID,24,68,19,46.1053,50.0,46.6,222800,45.9286,,,,,,,,,,,,,
71,Logan,Morris,BRL,FWD,,24,53,15,53.7333,50.6667,60.0,284700,52.2222,,,,,,,,,,,,,
713,Arthur,Jones,WBD,FWD,,24,40,1,40.0,40.0,40.0,190900,40.0,,,,,,,,,,,,,
714,Liam,Jones,WBD,DEF,,24,40,20,70.3,51.0,62.0,337600,71.80355,,,,,,,,,,,,,
718,Rory,Lobb,WBD,FWD,,24,57,15,69.9333,61.3333,69.2,388000,64.1111,,,,,,,,,,,,,
720,Lachlan,McNeil,WBD,FWD,,24,41,11,61.6364,76.6667,65.2,333900,58.6667,,,,,,,,,,,,,
722,James,O'Donnell,WBD,DEF,,24,42,13,51.6923,41.0,52.2,258900,50.8182,,,,,,,,,,,,,
731,Jamarra,Ugle-Hagan,WBD,FWD,,24,34,21,65.9524,54.0,73.0,384500,61.3333,,,,,,,,,,,,,
732,Laitham,Vandermeer,WBD,DEF,FWD,24,16,23,48.1739,42.3333,44.2,235000,50.9375,,,,,,,,,,,,,
733,Cody,Weightman,WBD,FWD,,24,96,16,69.8125,66.6667,68.4,344800,69.4618,,,,,,,,,,,,,
735,Bailey,Williams,WBD,MID,,24,90,23,76.9565,75.6667,79.8,381500,77.0952,,,,,,,,,,,,,
736,Oscar,Allen,WCE,FWD,,24,29,11,55.4545,63.6667,62.4,340400,50.0,,,,,,,,,,,,,
740,Rhett,Bazzo,WCE,DEF,,24,25,1,25.0,25.0,25.0,178800,25.0,,,,,,,,,,,,,
743,Campbell,Chesser,WCE,MID,,24,47,18,44.3889,36.3333,38.0,208800,44.006550000000004,,,,,,,,,,,,,
744,Tom,Cole,WCE,DEF,,24,66,23,67.1304,65.6667,70.4,354300,66.2857,,,,,,,,,,,,,
745,Jamie,Cripps,WCE,FWD,,24,57,23,74.2174,74.0,76.6,378600,75.0,,,,,,,,,,,,-0.729,-0.729
747,Jack,Darling,WCE,FWD,,24,46,21,55.5714,41.3333,50.6,274900,57.125,,,,,,,,,,,,,
748,Tyrell,Dewar,WCE,FWD,,24,57,7,34.2857,47.6667,41.6,187000,26.0,,,,,,,,,,,,,
750,Harry,Edwards,WCE,DEF,,24,47,9,55.8889,35.6667,48.8,240900,64.75,,,,,,,,,,,,,
754,Reuben,Ginbey,WCE,MID,,24,30,23,69.3913,54.6667,68.0,377900,67.8235,,,,,,,,,,,,,
755,Clay,Hall,WCE,MID,,24,37,3,34.3333,34.3333,34.3333,132900,34.3333,,,,,,,,,,,,,
757,Brady,Hough,WCE,DEF,,24,18,23,62.5652,46.3333,54.2,337200,58.6,,,,,,,,,,,,,
758,Jayden,Hunt,WCE,DEF,MID,24,80,20,66.65,69.3333,68.4,362100,66.00704999999999,,,,,,,,,,,,,
760,Harvey,Johnston,WCE,MID,FWD,24,38,6,30.6667,35.3333,34.6,157800,25.875,,,,,,,,,,,,,
765,Ryan,Maric,WCE,FWD,,24,39,19,41.5263,53.6667,54.8,256000,37.5833,,,,,,,,,,,,,
767,Jack,Petruccelle,WCE,FWD,,24,56,16,50.625,44.0,45.6,236800,52.95455,,,,,,,,,,,,,
775,Jake,Waterman,WCE,FWD,,24,86,20,83.1,65.0,70.2,356300,88.1643,,,,,,,,,,,,0.634,0.634
776,Bailey J.,Williams,WCE,RUC,,24,99,23,68.6087,79.6667,75.6,356100,68.9231,,,,,,,,,,,,,
777,Jack,Williams,WCE,FWD,RUC,24,50,18,53.5,45.6667,64.6,297000,51.72855,,,,,,,,,,,,,
784,Patrick,Voss,FRE,FWD,,24,56,7,46.1429,47.3333,47.4,207800,44.5,,,,,,,,,,,,,
788,Wil,Parker,COL,DEF,,24,100,5,42.0,57.0,42.0,165200,27.5,,,,,,,,,,,,,
79,Harry,Sharp,BRL,MID,,24,6,6,39.0,19.6667,31.0,184900,51.96665,,,,,,,,,,,,,
793,Cooper,Lord,CAR,MID,,24,88,2,78.5,78.5,78.5,102400,73.75,,,,,,,,,,,,,
799,Logan,Evans,PTA,DEF,,24,104,10,68.9,69.3333,60.4,308700,68.6905,,,,,,,,,,,,,
8,Daniel,Curtin,ADE,DEF,MID,24,58,7,32.7143,51.3333,35.4,174500,26.0,,,,,,,,,,,,,
804,Jack,Hutchinson,WCE,FWD,,24,102,7,48.1429,60.3333,58.2,216400,39.2,,,,,,,,,,,,,
807,Brynn,Teakle,NTH,RUC,,24,18,11,45.3636,38.6667,38.4,235100,51.1667,,,,,,,,,,,,,
84,Darcy,Wilmot,BRL,DEF,,24,87,23,83.3478,71.3333,82.2,420500,81.75,,,,,,,,,,,,,
89,Jaxon,Binns,CAR,MID,,24,66,3,45.3333,45.3333,45.3333,152900,35.0,,,,,,,,,,,,,
91,Jack,Carroll,CAR,FWD,MID,24,38,15,41.6667,49.0,45.8,206000,48.0,,,,,,,,,,,,,
94,Alex,Cincotta,CAR,DEF,,24,47,16,48.9375,52.0,48.2,249400,48.6143,,,,,,,,,,,,,
96,Lachlan,Cowan,CAR,DEF,,24,43,16,61.0625,71.3333,60.8,337600,58.929500000000004,,,,,,,,,,,,,
