,round,pick,coach_first_name,player_id,feed_id,name,team_abbrev,scr_pos,avg,round_rank_by_pos_all_players,round_rank_by_pos_drafted_players,scr,pos_scr,p,n,sum_n,weight,scr_wgt,nearest_7_rank
0,1.0,1.0,Mark,695,297373,M.Bontempelli,WBD,MID,126.3913043478261,11.282608695652174,9.804347826086957,2.395,2.4,MID,7,19,0.368,2.397,1
1,1.0,2.0,Luke,138,1023261,N.Daicos,COL,DEF,117.17391304347827,21.630434782608695,12.478260869565217,1.65,2.101,DEF,5,19,0.263,1.769,2
2,1.0,3.0,Simon,706,1004592,T.English,WBD,RUC,108.0,7.318181818181818,6.318181818181818,0.908,0.401,RUC,2,19,0.105,0.855,4
3,1.0,4.0,Lester,459,298210,C.Petracca,MEL,MID,103.23076923076923,23.653846153846153,19.23076923076923,0.523,0.036,MID,7,19,0.368,0.344,6
4,1.0,5.0,Paul,443,290528,M.Gawn,MEL,RUC,124.14285714285714,4.785714285714286,4.214285714285714,2.214,2.087,RUC,2,19,0.105,2.201,1
5,1.0,6.0,James,197,992016,Z.Merrett,ESS,MID,115.26086956521739,16.391304347826086,13.847826086956522,1.495,1.264,MID,7,19,0.368,1.41,2
6,1.0,7.0,Anthony,458,996701,C.Oliver,MEL,MID,83.80952380952381,36.642857142857146,27.547619047619047,-1.048,-1.946,MID,7,19,0.368,-1.378,8
7,1.0,8.0,Jordan,629,992468,R.Marshall,STK,RUC,112.0,6.5,5.673913043478261,1.232,0.819,RUC,2,19,0.105,1.189,2
8,2.0,9.0,Mark,9,992242,J.Dawson,ADE,MID,102.13636363636364,26.022727272727273,20.863636363636363,0.434,-0.076,MID,7,19,0.368,0.246,5
9,2.0,10.0,Luke,362,1009528,T.Green,GWS,MID,106.56521739130434,21.67391304347826,17.065217391304348,0.792,0.376,MID,7,19,0.368,0.639,4
10,2.0,11.0,Simon,20,293222,R.Laird,ADE,MID,104.1304347826087,23.065217391304348,18.91304347826087,0.595,0.128,MID,7,19,0.368,0.423,5
11,2.0,12.0,Lester,350,1008436,K.Briggs,GWS,RUC,95.81818181818181,8.863636363636363,7.590909090909091,-0.077,-0.872,RUC,2,19,0.105,-0.16,8
12,2.0,13.0,Paul,526,1006121,Z.Butters,PTA,MID,120.43478260869566,13.891304347826088,12.08695652173913,1.914,1.792,MID,7,19,0.368,1.869,1
13,2.0,14.0,James,663,1013128,E.Gulden,SYD,MID,108.0,21.76086956521739,18.347826086956523,0.908,0.523,MID,7,19,0.368,0.766,4
14,2.0,15.0,Anthony,425,297566,J.Sicily,HAW,DEF,98.9,34.6,19.875,0.172,0.199,DEF,5,19,0.263,0.179,6
15,2.0,16.0,Jordan,342,291800,T.Stewart,GEE,DEF,96.68181818181819,34.5,19.40909090909091,-0.007,-0.032,DEF,5,19,0.263,-0.014,6
16,3.0,17.0,Mark,537,994295,D.Houston,PTA,DEF,106.81818181818181,25.272727272727273,15.704545454545455,0.813,1.023,DEF,5,19,0.263,0.868,3
17,3.0,18.0,Luke,662,293957,B.Grundy,SYD,RUC,106.6086956521739,7.3478260869565215,6.304347826086956,0.796,0.256,RUC,2,19,0.105,0.739,5
18,3.0,19.0,Simon,483,1002267,L.Davies-Uniacke,NTH,MID,109.1304347826087,21.695652173913043,18.02173913043478,1.0,0.638,MID,7,19,0.368,0.867,4
19,3.0,20.0,Lester,717,290799,T.Liberatore,WBD,MID,104.23529411764706,22.941176470588236,19.558823529411764,0.604,0.138,MID,7,19,0.368,0.433,5
20,3.0,21.0,Paul,242,1009420,C.Serong,FRE,MID,115.69565217391305,17.0,14.521739130434783,1.531,1.308,MID,7,19,0.368,1.449,3
21,3.0,22.0,James,719,295467,J.Macrae,WBD,FWD,72.77777777777777,64.72222222222223,24.583333333333332,-1.94,-1.159,FWD,5,19,0.263,-1.735,8
22,3.0,23.0,Anthony,552,1001299,C.Rozee,PTA,MID,98.25,28.575,22.075,0.12,-0.473,MID,7,19,0.368,-0.098,7
23,3.0,24.0,Jordan,54,993834,J.Dunkley,BRL,MID,111.78260869565217,18.391304347826086,15.695652173913043,1.214,0.909,MID,7,19,0.368,1.102,4
24,4.0,25.0,Mark,72,293535,L.Neale,BRL,MID,119.86363636363636,16.454545454545453,13.409090909090908,1.868,1.733,MID,7,19,0.368,1.818,2
25,4.0,26.0,Luke,198,993817,D.Parish,ESS,MID,89.33333333333333,38.375,28.791666666666668,-0.601,-1.383,MID,7,19,0.368,-0.889,8
26,4.0,27.0,Simon,241,998659,L.Ryan,FRE,DEF,116.6086956521739,18.73913043478261,11.695652173913043,1.604,2.042,DEF,5,19,0.263,1.719,2
27,4.0,28.0,Lester,301,291975,J.Witts,GCS,RUC,107.875,6.625,5.8125,0.898,0.388,RUC,2,19,0.105,0.844,3
28,4.0,29.0,Paul,286,298272,T.Miller,GCS,MID,102.55555555555556,23.055555555555557,18.916666666666668,0.468,-0.033,MID,7,19,0.368,0.284,6
29,4.0,30.0,James,666,298539,I.Heeney,SYD,FWD,116.76190476190476,15.071428571428571,7.523809523809524,1.617,3.0,FWD,5,19,0.263,1.981,1
30,4.0,31.0,Anthony,215,1002232,A.Brayshaw,FRE,MID,109.82608695652173,20.17391304347826,16.891304347826086,1.056,0.709,MID,7,19,0.368,0.928,2
31,4.0,32.0,Jordan,126,1006094,S.Walsh,CAR,MID,108.36842105263158,21.18421052631579,17.68421052631579,0.938,0.56,MID,7,19,0.368,0.799,4
32,5.0,33.0,Mark,640,296205,J.Steele,STK,MID,108.6086956521739,19.73913043478261,16.565217391304348,0.957,0.585,MID,7,19,0.368,0.82,4
33,5.0,34.0,Luke,230,1009399,L.Jackson,FRE,FWD,94.52173913043478,34.391304347826086,15.630434782608695,-0.182,0.897,FWD,5,19,0.263,0.102,5
34,5.0,35.0,Simon,221,998145,S.Darcy,FRE,RUC,98.25,8.625,7.625,0.12,-0.618,RUC,2,19,0.105,0.043,5
35,5.0,36.0,Lester,255,1009256,H.Young,FRE,DEF,101.34782608695652,29.891304347826086,17.804347826086957,0.37,0.454,DEF,5,19,0.263,0.392,5
36,5.0,37.0,Paul,639,994389,J.Sinclair,STK,DEF,109.9090909090909,22.90909090909091,14.545454545454545,1.063,1.345,DEF,5,19,0.263,1.137,3
37,5.0,38.0,James,598,992049,J.Short,RIC,DEF,82.0909090909091,53.95454545454545,27.09090909090909,-1.187,-1.55,DEF,5,19,0.263,-1.282,7
38,5.0,39.0,Anthony,509,1023518,H.Sheezel,NTH,DEF,117.95238095238095,16.142857142857142,10.976190476190476,1.713,2.182,DEF,5,19,0.263,1.836,2
39,5.0,40.0,Jordan,273,1009260,S.Flanders,GCS,FWD,119.04545454545455,8.636363636363637,5.4772727272727275,1.801,3.216,FWD,5,19,0.263,2.173,1
40,6.0,41.0,Mark,27,297523,R.O'Brien,ADE,RUC,93.28571428571429,9.476190476190476,8.0,-0.282,-1.136,RUC,2,19,0.105,-0.372,6
41,6.0,42.0,Luke,585,290847,D.*** Martin,RIC,FWD,63.46153846153846,78.53846153846153,29.23076923076923,-2.693,-2.04,FWD,5,19,0.263,-2.521,7
42,6.0,43.0,Simon,257,1009199,N.Anderson,GCS,MID,106.69565217391305,24.652173913043477,19.195652173913043,0.803,0.389,MID,7,19,0.368,0.651,3
43,6.0,44.0,Lester,690,1012014,C.Warner,SYD,MID,103.86363636363636,24.272727272727273,19.181818181818183,0.574,0.1,MID,7,19,0.368,0.4,4
44,6.0,45.0,Paul,372,296347,J.Kelly,GWS,MID,99.93333333333334,26.333333333333332,22.366666666666667,0.256,-0.301,MID,7,19,0.368,0.051,4
45,6.0,46.0,James,590,298174,T.Nankervis,RIC,RUC,110.23809523809524,6.738095238095238,5.809523809523809,1.089,0.635,RUC,2,19,0.105,1.041,2
46,6.0,47.0,Anthony,703,295136,C.Daniel,WBD,FWD,49.93333333333333,103.8,32.8,-3.787,-3.319,FWD,5,19,0.263,-3.664,8
47,6.0,48.0,Jordan,518,1004965,T.Xerri,NTH,RUC,119.8695652173913,5.3478260869565215,4.956521739130435,1.868,1.641,RUC,2,19,0.105,1.844,1
48,7.0,49.0,Mark,120,297907,N.Newman,CAR,DEF,101.47826086956522,33.108695652173914,18.217391304347824,0.381,0.468,DEF,5,19,0.263,0.404,1
49,7.0,50.0,Luke,93,1002239,A.Cerra,CAR,MID,83.08333333333333,39.791666666666664,29.791666666666668,-1.107,-2.021,MID,7,19,0.368,-1.443,7
50,7.0,51.0,Simon,601,998172,T.Taranto,RIC,MID,94.53333333333333,30.633333333333333,23.7,-0.181,-0.852,MID,7,19,0.368,-0.428,4
51,7.0,52.0,Lester,139,994185,J.De Goey,COL,MID,82.0,36.42307692307692,27.307692307692307,-1.194,-2.131,MID,7,19,0.368,-1.539,8
52,7.0,53.0,Paul,566,993993,S.Bolton,RIC,FWD,77.22727272727273,57.97727272727273,23.136363636363637,-1.58,-0.738,FWD,5,19,0.263,-1.359,8
53,7.0,54.0,James,474,291902,J.Viney,MEL,MID,88.0,35.76086956521739,26.456521739130434,-0.709,-1.519,MID,7,19,0.368,-1.007,6
54,7.0,55.0,Anthony,67,1000978,H.McCluggage,BRL,MID,98.08695652173913,27.76086956521739,22.065217391304348,0.107,-0.489,MID,7,19,0.368,-0.112,4
55,7.0,56.0,Jordan,418,1020895,J.Newcombe,HAW,MID,98.30434782608695,28.304347826086957,22.5,0.124,-0.467,MID,7,19,0.368,-0.093,4
56,8.0,57.0,Mark,671,295342,J.Lloyd,SYD,DEF,82.47826086956522,51.58695652173913,27.695652173913043,-1.155,-1.51,DEF,5,19,0.263,-1.248,8
57,8.0,58.0,Luke,293,1009208,M.Rowell,GCS,MID,102.1304347826087,26.08695652173913,20.217391304347824,0.434,-0.077,MID,7,19,0.368,0.246,3
58,8.0,59.0,Simon,99,996731,C.Curnow,CAR,FWD,82.42857142857143,48.904761904761905,19.428571428571427,-1.159,-0.246,FWD,5,19,0.263,-0.919,6
59,8.0,60.0,Lester,389,294305,L.Whitfield,GWS,DEF,111.0,21.043478260869566,12.630434782608695,1.151,1.458,DEF,5,19,0.263,1.232,2
60,8.0,61.0,Paul,363,295344,T.Greene,GWS,FWD,79.13636363636364,50.63636363636363,20.954545454545453,-1.426,-0.558,FWD,5,19,0.263,-1.198,7
61,8.0,62.0,James,289,1007881,W.Powell,GCS,DEF,88.55555555555556,47.861111111111114,24.77777777777778,-0.664,-0.877,DEF,5,19,0.263,-0.72,7
62,8.0,63.0,Anthony,702,996708,B.Dale,WBD,DEF,98.0,38.34782608695652,19.76086956521739,0.1,0.106,DEF,5,19,0.263,0.102,5
63,8.0,64.0,Jordan,7,297401,M.Crouch,ADE,MID,105.53333333333333,23.4,19.4,0.709,0.271,MID,7,19,0.368,0.548,5
64,9.0,65.0,Mark,355,291969,S.Coniglio,GWS,MID,79.38461538461539,42.26923076923077,30.615384615384617,-1.406,-2.398,MID,7,19,0.368,-1.771,6
65,9.0,66.0,Luke,97,990704,P.Cripps,CAR,MID,110.47826086956522,18.76086956521739,15.782608695652174,1.109,0.776,MID,7,19,0.368,0.986,2
66,9.0,67.0,Simon,730,291790,A.Treloar,WBD,MID,116.5909090909091,17.931818181818183,15.113636363636363,1.603,1.399,MID,7,19,0.368,1.528,1
67,9.0,68.0,Lester,762,295898,T.Kelly,WCE,MID,95.45,31.225,24.775,-0.107,-0.758,MID,7,19,0.368,-0.347,4
68,9.0,69.0,Paul,193,1012013,N.Martin,ESS,DEF,105.04347826086956,25.608695652173914,15.978260869565217,0.669,0.838,DEF,5,19,0.263,0.713,1
69,9.0,70.0,James,667,1013409,J.Jordon,SYD,FWD,67.8695652173913,68.41304347826087,26.08695652173913,-2.337,-1.623,FWD,5,19,0.263,-2.149,8
70,9.0,71.0,Anthony,133,990291,D.Cameron,COL,RUC,105.1304347826087,7.1521739130434785,6.239130434782608,0.676,0.101,RUC,2,19,0.105,0.616,1
71,9.0,72.0,Jordan,649,291776,T.Adams,SYD,FWD,68.6842105263158,72.6842105263158,27.57894736842105,-2.271,-1.546,FWD,5,19,0.263,-2.08,7
72,10.0,73.0,Mark,295,294643,A.Sexton,GCS,FWD,74.6,58.1,22.6,-1.793,-0.987,FWD,5,19,0.263,-1.581,7
73,10.0,74.0,Luke,560,294318,O.Wines,PTA,MID,99.36363636363636,25.772727272727273,20.34090909090909,0.21,-0.359,MID,7,19,0.368,0.001,4
74,10.0,75.0,Simon,137,1005054,J.Daicos,COL,MID,89.56521739130434,32.76086956521739,25.23913043478261,-0.582,-1.359,MID,7,19,0.368,-0.868,5
75,10.0,76.0,Lester,415,1006314,D.Moore,HAW,FWD,97.73913043478261,34.0,15.021739130434783,0.079,1.201,FWD,5,19,0.263,0.374,1
76,10.0,77.0,Paul,31,1001195,I.Rankine,ADE,FWD,96.8,28.933333333333334,13.633333333333333,0.003,1.112,FWD,5,19,0.263,0.295,1
77,10.0,78.0,James,652,1006028,N.Blakey,SYD,DEF,97.47826086956522,36.391304347826086,19.934782608695652,0.057,0.051,DEF,5,19,0.263,0.055,1
78,10.0,79.0,Anthony,101,295518,S.Docherty,CAR,MID,25.0,39.0,27.0,-5.803,-7.949,MID,7,19,0.368,-6.593,8
79,10.0,80.0,Jordan,307,293845,J.Cameron,GEE,FWD,86.5,48.15909090909091,19.272727272727273,-0.83,0.139,FWD,5,19,0.263,-0.575,4
80,11.0,81.0,Mark,615,294307,B.Crouch,STK,MID,56.0,65.0,47.0,-3.297,-4.785,MID,7,19,0.368,-3.845,8
81,11.0,82.0,Luke,159,291856,T.Mitchell,COL,MID,81.5,35.416666666666664,26.166666666666668,-1.235,-2.182,MID,7,19,0.368,-1.583,8
82,11.0,83.0,Simon,645,296422,C.Wilkie,STK,DEF,91.73913043478261,43.869565217391305,23.847826086956523,-0.407,-0.546,DEF,5,19,0.263,-0.444,5
83,11.0,84.0,Lester,463,296359,C.Salem,MEL,DEF,80.0,52.5,26.794117647058822,-1.356,-1.767,DEF,5,19,0.263,-1.464,6
84,11.0,85.0,Paul,194,998102,A.McGrath,ESS,DEF,95.3913043478261,36.65217391304348,20.869565217391305,-0.111,-0.166,DEF,5,19,0.263,-0.125,3
85,11.0,86.0,James,106,294036,G.Hewett,CAR,MID,92.14285714285714,30.357142857142858,22.666666666666668,-0.374,-1.096,MID,7,19,0.368,-0.64,5
86,11.0,87.0,Anthony,643,1015507,N.Wanganeen-Milera,STK,DEF,100.9090909090909,27.681818181818183,17.795454545454547,0.335,0.408,DEF,5,19,0.263,0.354,2
87,11.0,88.0,Jordan,779,292128,E.Yeo,WCE,DEF,104.8,28.525,16.575,0.65,0.813,DEF,5,19,0.263,0.693,1
88,12.0,89.0,Mark,68,1005521,O.McInerney,BRL,RUC,96.0,8.75,7.5227272727272725,-0.062,-0.853,RUC,2,19,0.105,-0.145,2
89,12.0,90.0,Luke,51,1006059,K.Coleman,BRL,DEF,37.0,53.0,25.0,-4.833,-6.242,DEF,5,19,0.263,-5.204,8
90,12.0,91.0,Simon,160,298288,D.Moore,COL,DEF,74.82608695652173,63.73913043478261,31.652173913043477,-1.774,-2.306,DEF,5,19,0.263,-1.914,4
91,12.0,92.0,Lester,390,297354,K.Amon,HAW,DEF,91.65217391304348,40.47826086956522,22.97826086956522,-0.414,-0.555,DEF,5,19,0.263,-0.451,2
92,12.0,93.0,Paul,562,1000223,L.Baker,RIC,FWD,82.33333333333333,46.55555555555556,19.25,-1.167,-0.255,FWD,5,19,0.263,-0.927,4
93,12.0,94.0,James,450,298281,J.Lever,MEL,DEF,70.22222222222223,70.44444444444444,33.22222222222222,-2.147,-2.785,DEF,5,19,0.263,-2.315,6
94,12.0,95.0,Anthony,304,296733,M.Blicavs,GEE,MID,68.18181818181819,50.43181818181818,36.25,-2.312,-3.541,MID,7,19,0.368,-2.764,8
95,12.0,96.0,Jordan,173,1006103,J.Caldwell,ESS,FWD,93.95652173913044,31.565217391304348,14.543478260869565,-0.227,0.844,FWD,5,19,0.263,0.055,3
96,13.0,97.0,Mark,30,1017051,J.Rachele,ADE,FWD,63.81818181818182,79.52272727272727,29.636363636363637,-2.664,-2.006,FWD,5,19,0.263,-2.491,8
97,13.0,98.0,Luke,228,291570,N.Fyfe,FRE,FWD,69.18181818181819,70.77272727272727,26.068181818181817,-2.231,-1.499,FWD,5,19,0.263,-2.038,8
98,13.0,99.0,Simon,124,295461,A.Saad,CAR,DEF,86.88235294117646,45.38235294117647,22.852941176470587,-0.799,-1.051,DEF,5,19,0.263,-0.865,6
99,13.0,100.0,Lester,325,1015889,M.Holmes,GEE,DEF,99.08695652173913,31.130434782608695,18.956521739130434,0.188,0.219,DEF,5,19,0.263,0.196,3
100,13.0,101.0,Paul,686,1006126,J.Rowbottom,SYD,MID,94.52380952380952,31.69047619047619,24.023809523809526,-0.181,-0.853,MID,7,19,0.368,-0.428,3
101,13.0,102.0,James,648,295340,M.Wood,STK,FWD,80.11111111111111,53.02777777777778,20.555555555555557,-1.347,-0.466,FWD,5,19,0.263,-1.115,5
102,13.0,103.0,Anthony,86,261224,D.Zorko,BRL,FWD,110.43478260869566,19.47826086956522,9.717391304347826,1.105,2.402,FWD,5,19,0.263,1.446,1
103,13.0,104.0,Jordan,581,993903,J.Hopper,RIC,MID,80.83333333333333,42.166666666666664,31.916666666666668,-1.288,-2.25,MID,7,19,0.368,-1.642,6
104,14.0,105.0,Mark,488,999827,Z.Fisher,NTH,FWD,85.0,48.75,19.22222222222222,-0.952,-0.003,FWD,5,19,0.263,-0.702,4
105,14.0,106.0,Luke,367,993107,H.Himmelberg,GWS,DEF,91.26086956521739,38.82608695652174,22.434782608695652,-0.445,-0.596,DEF,5,19,0.263,-0.485,4
106,14.0,107.0,Simon,202,1001026,J.Ridley,ESS,DEF,102.55555555555556,34.5,16.333333333333332,0.468,0.58,DEF,5,19,0.263,0.497,2
107,14.0,108.0,Lester,47,1002312,Z.Bailey,BRL,FWD,70.5,64.13888888888889,25.13888888888889,-2.124,-1.374,FWD,5,19,0.263,-1.927,6
108,14.0,109.0,Paul,180,271129,T.Goldstein,ESS,RUC,70.0,12.892857142857142,10.75,-2.164,-3.569,RUC,2,19,0.105,-2.312,7
109,14.0,110.0,James,315,281065,M.Duncan,GEE,DEF,78.55,60.15,29.075,-1.473,-1.918,DEF,5,19,0.263,-1.59,7
110,14.0,111.0,Anthony,200,997078,M.Redman,ESS,DEF,88.28571428571429,46.76190476190476,25.666666666666668,-0.686,-0.905,DEF,5,19,0.263,-0.744,4
111,14.0,112.0,Jordan,16,1004863,M.Hinge,ADE,DEF,93.45454545454545,40.54545454545455,22.636363636363637,-0.268,-0.367,DEF,5,19,0.263,-0.294,2
112,15.0,113.0,Mark,603,294674,N.Vlastuin,RIC,DEF,91.31818181818181,44.88636363636363,23.863636363636363,-0.441,-0.59,DEF,5,19,0.263,-0.48,2
113,15.0,114.0,Luke,218,1006152,J.Clark,FRE,DEF,104.6086956521739,26.391304347826086,15.73913043478261,0.634,0.793,DEF,5,19,0.263,0.676,1
114,15.0,115.0,Simon,633,1023272,M.Owens,STK,FWD,63.82608695652174,81.21739130434783,29.717391304347824,-2.664,-2.005,FWD,5,19,0.263,-2.491,8
115,15.0,116.0,Lester,749,298268,L.Duggan,WCE,DEF,86.0952380952381,48.42857142857143,24.452380952380953,-0.863,-1.133,DEF,5,19,0.263,-0.934,3
116,15.0,117.0,Paul,151,1003130,P.Lipinski,COL,FWD,75.65217391304348,60.65217391304348,22.195652173913043,-1.707,-0.887,FWD,5,19,0.263,-1.491,6
117,15.0,118.0,James,432,1002222,J.Worpel,HAW,MID,87.30434782608695,36.02173913043478,27.32608695652174,-0.765,-1.59,MID,7,19,0.368,-1.069,4
118,15.0,119.0,Anthony,136,293871,J.Crisp,COL,DEF,87.17391304347827,47.65217391304348,25.52173913043478,-0.776,-1.021,DEF,5,19,0.263,-0.84,2
119,15.0,120.0,Jordan,302,994386,T.Atkins,GEE,DEF,80.1,58.025,28.975,-1.348,-1.757,DEF,5,19,0.263,-1.456,5
120,16.0,121.0,Mark,778,998128,A.Witherden,WCE,DEF,69.11111111111111,76.25,34.166666666666664,-2.236,-2.9,DEF,5,19,0.263,-2.411,7
121,16.0,122.0,Luke,462,1009378,T.Rivers,MEL,DEF,85.91304347826087,47.65217391304348,25.347826086956523,-0.878,-1.152,DEF,5,19,0.263,-0.95,3
122,16.0,123.0,Simon,536,1011640,J.Horne-Francis,PTA,MID,99.66666666666667,26.142857142857142,21.261904761904763,0.234,-0.328,MID,7,19,0.368,0.027,2
123,16.0,124.0,Lester,41,280506,T.Walker,ADE,FWD,64.44444444444444,77.91666666666667,28.11111111111111,-2.614,-1.947,FWD,5,19,0.263,-2.439,7
124,16.0,125.0,Paul,44,996059,H.Andrews,BRL,DEF,83.4090909090909,49.84090909090909,26.295454545454547,-1.08,-1.413,DEF,5,19,0.263,-1.168,3
125,16.0,126.0,James,163,260257,S.Pendlebury,COL,MID,86.45,37.3,27.4,-0.834,-1.677,MID,7,19,0.368,-1.144,2
126,16.0,127.0,Anthony,409,1017094,C.Macdonald,HAW,FWD,74.34782608695652,63.04347826086956,24.32608695652174,-1.813,-1.011,FWD,5,19,0.263,-1.602,4
127,16.0,128.0,Jordan,725,1008280,E.Richards,WBD,DEF,98.55,36.35,21.5,0.144,0.163,DEF,5,19,0.263,0.149,1
128,17.0,129.0,Mark,220,997033,B.Cox,FRE,DEF,65.11111111111111,84.0,39.111111111111114,-2.56,-3.317,DEF,5,19,0.263,-2.759,8
129,17.0,130.0,Luke,711,297899,J.Harmes,WBD,FWD,70.625,70.6875,25.9375,-2.114,-1.363,FWD,5,19,0.263,-1.916,5
130,17.0,131.0,Simon,384,1005247,S.Taylor,GWS,DEF,71.3125,65.15625,30.03125,-2.058,-2.671,DEF,5,19,0.263,-2.219,6
131,17.0,132.0,Lester,410,1023482,C.Mackenzie,HAW,FWD,60.85,83.875,30.05,-2.904,-2.287,FWD,5,19,0.263,-2.742,7
132,17.0,133.0,Paul,312,270917,P.Dangerfield,GEE,MID,84.28571428571429,39.785714285714285,29.928571428571427,-1.009,-1.898,MID,7,19,0.368,-1.336,6
133,17.0,134.0,James,331,1004938,G.Miers,GEE,FWD,81.91304347826087,47.45652173913044,19.26086956521739,-1.201,-0.295,FWD,5,19,0.263,-0.963,2
134,17.0,135.0,Anthony,770,1023492,H.Reid,WCE,FWD,80.55,54.05,21.675,-1.311,-0.424,FWD,5,19,0.263,-1.078,3
135,17.0,136.0,Jordan,594,1000981,D.Rioli,RIC,DEF,92.8695652173913,38.19565217391305,21.695652173913043,-0.315,-0.428,DEF,5,19,0.263,-0.345,2
136,18.0,137.0,Mark,635,1020137,M.Phillipou,STK,FWD,58.23076923076923,92.57692307692308,31.576923076923077,-3.116,-2.535,FWD,5,19,0.263,-2.963,7
137,18.0,138.0,Luke,555,998529,I.Soldo,PTA,RUC,83.125,10.125,8.375,-1.103,-2.198,RUC,2,19,0.105,-1.218,3
138,18.0,139.0,Simon,190,298630,K.Langford,ESS,FWD,78.34782608695652,54.45652173913044,20.456521739130434,-1.489,-0.632,FWD,5,19,0.263,-1.264,3
139,18.0,140.0,Lester,677,1003203,H.McLean,SYD,FWD,68.43478260869566,66.1086956521739,25.369565217391305,-2.291,-1.57,FWD,5,19,0.263,-2.101,3
140,18.0,141.0,Paul,164,1008089,I.Quaynor,COL,DEF,58.52173913043478,89.34782608695652,38.26086956521739,-3.093,-4.002,DEF,5,19,0.263,-3.332,7
141,18.0,142.0,James,100,1004912,T.De Koning,CAR,RUC,101.52941176470588,7.852941176470588,6.529411764705882,0.385,-0.275,RUC,2,19,0.105,0.316,1
142,18.0,143.0,Anthony,397,1008550,W.Day,HAW,MID,91.1875,33.125,23.1875,-0.451,-1.193,MID,7,19,0.368,-0.724,1
143,18.0,144.0,Jordan,181,298421,J.Gresham,ESS,FWD,59.09090909090909,93.79545454545455,33.31818181818182,-3.047,-2.453,FWD,5,19,0.263,-2.891,6
144,19.0,145.0,Mark,773,296296,D.Sheed,WCE,MID,44.25,59.9375,38.5625,-4.247,-5.984,MID,7,19,0.368,-4.886,8
145,19.0,146.0,Luke,682,290778,L.Parker,SYD,MID,70.85714285714286,49.0,33.5,-2.095,-3.268,MID,7,19,0.368,-2.527,6
146,19.0,147.0,Simon,534,298111,J.Finlayson,PTA,FWD,56.75,95.16666666666667,32.208333333333336,-3.236,-2.675,FWD,5,19,0.263,-3.088,8
147,19.0,148.0,Lester,525,992128,R.Burton,PTA,DEF,71.92307692307692,67.46153846153847,32.19230769230769,-2.009,-2.608,DEF,5,19,0.263,-2.167,7
148,19.0,149.0,Paul,75,1002235,C.Rayner,BRL,FWD,78.43478260869566,58.06521739130435,23.32608695652174,-1.482,-0.624,FWD,5,19,0.263,-1.256,4
149,19.0,150.0,James,19,993946,B.Keays,ADE,FWD,81.04347826086956,54.608695652173914,21.97826086956522,-1.271,-0.377,FWD,5,19,0.263,-1.036,2
150,19.0,151.0,Anthony,726,1017939,R.Sanders,WBD,FWD,62.92857142857143,80.17857142857143,28.892857142857142,-2.736,-2.09,FWD,5,19,0.263,-2.566,8
151,19.0,152.0,Jordan,354,1023266,F.Callaghan,GWS,MID,81.95454545454545,39.0,29.045454545454547,-1.198,-2.136,MID,7,19,0.368,-1.543,6
152,20.0,153.0,Mark,177,1005577,S.Draper,ESS,FWD,75.9375,58.59375,22.90625,-1.684,-0.86,FWD,5,19,0.263,-1.467,6
153,20.0,154.0,Luke,507,1011659,T.Powell,NTH,FWD,80.17391304347827,51.52173913043478,20.717391304347824,-1.342,-0.46,FWD,5,19,0.263,-1.11,5
154,20.0,155.0,Simon,357,1002251,B.Daniels,GWS,FWD,90.0,40.76190476190476,17.88095238095238,-0.547,0.469,FWD,5,19,0.263,-0.28,1
155,20.0,156.0,Lester,23,990882,W.Milera,ADE,DEF,67.33333333333333,72.33333333333333,36.166666666666664,-2.38,-3.085,DEF,5,19,0.263,-2.565,7
156,20.0,157.0,Paul,461,1008541,K.Pickett,MEL,FWD,73.38095238095238,63.785714285714285,24.142857142857142,-1.891,-1.102,FWD,5,19,0.263,-1.683,5
157,20.0,158.0,James,369,1008083,C.Idun,GWS,DEF,85.0,46.108695652173914,25.934782608695652,-0.952,-1.247,DEF,5,19,0.263,-1.03,3
158,20.0,159.0,Anthony,451,281085,S.May,MEL,DEF,90.47368421052632,39.10526315789474,20.710526315789473,-0.509,-0.678,DEF,5,19,0.263,-0.553,2
159,20.0,160.0,Jordan,423,998114,J.Scrimshaw,HAW,DEF,82.0,52.0,28.272727272727273,-1.194,-1.559,DEF,5,19,0.263,-1.29,5
160,21.0,161.0,Mark,52,294518,J.Daniher,BRL,FWD,83.91304347826087,48.93478260869565,19.73913043478261,-1.039,-0.106,FWD,5,19,0.263,-0.794,2
161,21.0,162.0,Luke,434,296351,J.Billings,MEL,FWD,57.625,87.875,31.34375,-3.165,-2.592,FWD,5,19,0.263,-3.014,8
162,21.0,163.0,Simon,128,294685,Z.Williams,CAR,FWD,68.0,65.38888888888889,25.694444444444443,-2.326,-1.611,FWD,5,19,0.263,-2.138,8
163,21.0,164.0,Lester,607,994599,R.Bonner,STK,DEF,75.3157894736842,62.526315789473685,30.42105263157895,-1.735,-2.255,DEF,5,19,0.263,-1.872,8
164,21.0,165.0,Paul,533,1002253,K.Farrell,PTA,DEF,82.5909090909091,53.18181818181818,27.204545454545453,-1.146,-1.498,DEF,5,19,0.263,-1.239,7
165,21.0,166.0,James,204,998215,W.Setterfield,ESS,MID,107.25,22.0,19.0,0.848,0.446,MID,7,19,0.368,0.7,1
166,21.0,167.0,Anthony,517,1023477,G.Wardlaw,NTH,MID,85.61111111111111,37.80555555555556,28.61111111111111,-0.902,-1.763,MID,7,19,0.368,-1.219,6
167,21.0,168.0,Jordan,511,993998,J.Simpkin,NTH,FWD,79.66666666666667,55.888888888888886,22.666666666666668,-1.383,-0.508,FWD,5,19,0.263,-1.153,5
168,22.0,169.0,Mark,368,296324,J.Hogan,GWS,FWD,92.3913043478261,40.45652173913044,17.52173913043478,-0.354,0.696,FWD,5,19,0.263,-0.078,1
169,22.0,170.0,Luke,348,1009253,L.Ash,GWS,DEF,84.76470588235294,48.94117647058823,26.235294117647058,-0.971,-1.272,DEF,5,19,0.263,-1.05,3
170,22.0,171.0,Simon,530,280711,C.Dixon,PTA,FWD,75.5,62.1875,23.03125,-1.72,-0.902,FWD,5,19,0.263,-1.505,4
171,22.0,172.0,Lester,457,296420,A.Neal-Bullen,MEL,FWD,85.08695652173913,43.58695652173913,18.847826086956523,-0.945,0.005,FWD,5,19,0.263,-0.695,4
172,22.0,173.0,Paul,87,296294,B.Acres,CAR,MID,92.9090909090909,29.954545454545453,23.954545454545453,-0.312,-1.018,MID,7,19,0.368,-0.572,2
173,22.0,174.0,James,154,992010,B.Maynard,COL,DEF,78.0,60.45652173913044,29.456521739130434,-1.518,-1.975,DEF,5,19,0.263,-1.638,4
174,22.0,175.0,Anthony,256,998130,B.Ainsworth,GCS,FWD,66.0,74.38235294117646,28.08823529411765,-2.488,-1.8,FWD,5,19,0.263,-2.307,6
175,22.0,176.0,Jordan,417,1007124,C.Nash,HAW,MID,76.43478260869566,43.54347826086956,31.58695652173913,-1.644,-2.699,MID,7,19,0.368,-2.032,6
176,23.0,177.0,Mark,277,1023500,B.Humphrey,GCS,FWD,50.19047619047619,102.69047619047619,34.666666666666664,-3.766,-3.295,FWD,5,19,0.263,-3.642,8
177,23.0,178.0,Luke,115,1000953,H.McKay,CAR,FWD,86.7,41.075,18.025,-0.814,0.157,FWD,5,19,0.263,-0.559,1
178,23.0,179.0,Simon,123,298290,M.Pittonet,CAR,RUC,89.84615384615384,10.576923076923077,8.923076923076923,-0.56,-1.495,RUC,2,19,0.105,-0.658,2
179,23.0,180.0,Lester,503,1024272,C.McKercher,NTH,DEF,88.5,45.75,23.125,-0.669,-0.883,DEF,5,19,0.263,-0.725,3
180,23.0,181.0,Paul,263,1008454,C.Budarick,GCS,DEF,63.375,77.375,36.9375,-2.7,-3.497,DEF,5,19,0.263,-2.91,7
181,23.0,182.0,James,386,280109,C.Ward,GWS,MID,77.38888888888889,41.47222222222222,29.944444444444443,-1.567,-2.602,MID,7,19,0.368,-1.948,5
182,23.0,183.0,Anthony,721,1002404,A.Naughton,WBD,FWD,70.57894736842105,71.71052631578948,26.31578947368421,-2.118,-1.367,FWD,5,19,0.263,-1.92,4
183,23.0,184.0,Jordan,167,1000860,L.Schultz,COL,FWD,60.75,84.4,31.375,-2.912,-2.296,FWD,5,19,0.263,-2.75,6
