,round,pick,coach_first_name,player_id,name,team_abbrev,scr_pos,avg,round_rank_by_pos_all_players,round_rank_by_pos_drafted_players,scr,pos_scr,scr_wgt,nearest_7_rank
0,1.0,1.0,Mark,695,M.Bontempelli,WBD,MID,126.3913043478261,11.717391304347826,9.804347826086957,-0.531,-0.386,-3.705896,1
1,1.0,2.0,Luke,138,N.Daicos,COL,DEF,117.17391304347827,22.956521739130434,12.891304347826088,-1.546,0.302,-4.427256,1
2,1.0,3.0,Simon,706,T.English,WBD,RUC,108.0,7.590909090909091,6.590909090909091,-2.556,-1.002,-5.67248,3
3,1.0,4.0,Lester,459,C.Petracca,MEL,MID,103.23076923076923,25.0,19.346153846153847,-3.081,-1.111,-5.694896000000001,4
4,1.0,5.0,Paul,443,M.Gawn,MEL,RUC,124.14285714285714,4.976190476190476,4.404761904761905,-0.779,0.704,-5.364464,2
5,1.0,6.0,James,197,Z.Merrett,ESS,MID,115.26086956521739,16.934782608695652,13.891304347826088,-1.757,-0.332,-5.831664,4
6,1.0,7.0,Anthony,458,C.Oliver,MEL,MID,83.80952380952381,38.595238095238095,27.69047619047619,-5.22,-4.027,-7.34184,8
7,1.0,8.0,Jordan,629,R.Marshall,STK,RUC,112.0,6.8478260869565215,6.021739130434782,-2.116,-1.336,-6.11708,6
8,2.0,9.0,Mark,9,J.Dawson,ADE,MID,102.13636363636364,27.40909090909091,21.068181818181817,-3.202,-2.718,-6.899312,7
9,2.0,10.0,Luke,362,T.Green,GWS,MID,106.56521739130434,23.282608695652176,17.152173913043477,-2.714,0.809,-5.2006879999999995,2
10,2.0,11.0,Simon,20,R.Laird,ADE,MID,104.1304347826087,24.23913043478261,19.043478260869566,-2.982,-1.147,-5.68792,5
11,2.0,12.0,Lester,350,K.Briggs,GWS,RUC,95.81818181818181,9.272727272727273,8.0,-3.897,-5.353,-6.943111999999999,8
12,2.0,13.0,Paul,526,Z.Butters,PTA,MID,120.43478260869566,14.326086956521738,12.130434782608695,-1.187,1.244,-4.449688,2
13,2.0,14.0,James,663,E.Gulden,SYD,MID,108.0,22.47826086956522,18.456521739130434,-2.556,-2.482,-5.873944000000001,5
14,2.0,15.0,Anthony,425,J.Sicily,HAW,DEF,98.9,36.7,20.7,-3.558,-2.701,-5.94948,6
15,2.0,16.0,Jordan,342,T.Stewart,GEE,DEF,96.68181818181819,36.79545454545455,20.272727272727273,-3.802,-1.129,-5.257856,3
16,3.0,17.0,Mark,537,D.Houston,PTA,DEF,106.81818181818181,26.977272727272727,16.34090909090909,-2.686,-1.517,-5.341864,3
17,3.0,18.0,Luke,662,B.Grundy,SYD,RUC,106.6086956521739,7.608695652173913,6.565217391304348,-2.709,1.342,-4.210752,1
18,3.0,19.0,Simon,483,L.Davies-Uniacke,NTH,MID,109.1304347826087,22.543478260869566,18.108695652173914,-2.432,-1.473,-5.923006,5
19,3.0,20.0,Lester,717,T.Liberatore,WBD,MID,104.23529411764706,23.58823529411765,19.61764705882353,-2.971,-2.125,-6.418761999999999,7
20,3.0,21.0,Paul,242,C.Serong,FRE,MID,115.69565217391305,17.26086956521739,14.521739130434783,-1.709,3.852,-4.901349000000001,2
21,3.0,22.0,James,719,J.Macrae,WBD,FWD,72.77777777777777,54.22222222222222,21.77777777777778,-6.434,-5.723,-7.243431,8
22,3.0,23.0,Anthony,552,C.Rozee,PTA,MID,98.25,30.375,22.325,-3.63,-1.951,-5.593991,6
23,3.0,24.0,Jordan,54,J.Dunkley,BRL,MID,111.78260869565217,18.91304347826087,15.73913043478261,-2.14,-1.921,-5.391533,6
24,4.0,25.0,Mark,72,L.Neale,BRL,MID,119.86363636363636,17.181818181818183,13.409090909090908,-1.25,-1.29,-5.2484269999999995,6
25,4.0,26.0,Luke,198,D.Parish,ESS,MID,89.33333333333333,40.666666666666664,29.041666666666668,-4.611,-4.299,-6.31101,7
26,4.0,27.0,Simon,241,L.Ryan,FRE,DEF,116.6086956521739,19.67391304347826,12.0,-1.608,3.694,-4.257492999999999,7
27,4.0,28.0,Lester,301,J.Witts,GCS,RUC,107.875,6.75,5.9375,-2.57,-4.795,-7.12737,8
28,4.0,29.0,Paul,286,T.Miller,GCS,MID,102.55555555555556,24.083333333333332,19.0,-3.156,-0.875,-4.054935,6
29,4.0,30.0,James,666,I.Heeney,SYD,FWD,116.76190476190476,13.166666666666666,7.0,-1.592,2.133,-3.5744149999999997,2
30,4.0,31.0,Anthony,215,A.Brayshaw,FRE,MID,109.82608695652173,20.934782608695652,16.97826086956522,-2.355,-2.397,-3.8701700000000003,4
31,4.0,32.0,Jordan,126,S.Walsh,CAR,MID,108.36842105263158,21.894736842105264,17.68421052631579,-2.516,3.418,-3.8010699999999997,3
32,5.0,33.0,Mark,640,J.Steele,STK,MID,108.6086956521739,20.47826086956522,16.630434782608695,-2.489,-0.495,-3.6704600000000003,3
33,5.0,34.0,Luke,230,L.Jackson,FRE,RUC,94.52173913043478,10.369565217391305,8.76086956521739,-4.04,2.792,-3.500745,2
34,5.0,35.0,Simon,221,S.Darcy,FRE,RUC,98.25,8.958333333333334,7.958333333333333,-3.63,-6.118,-4.470305000000001,7
35,5.0,36.0,Lester,255,H.Young,FRE,DEF,101.34782608695652,31.847826086956523,18.347826086956523,-3.289,-2.908,-4.421445,7
36,5.0,37.0,Paul,639,J.Sinclair,STK,DEF,109.9090909090909,24.045454545454547,15.045454545454545,-2.346,-2.024,-4.934539999999999,8
37,5.0,38.0,James,598,J.Short,RIC,DEF,82.0909090909091,58.45454545454545,28.477272727272727,-5.409,-0.016,-4.295890000000001,7
38,5.0,39.0,Anthony,509,H.Sheezel,NTH,DEF,117.95238095238095,16.761904761904763,11.166666666666666,-1.46,0.069,-3.8573649999999997,6
39,5.0,40.0,Jordan,273,S.Flanders,GCS,FWD,119.04545454545455,7.795454545454546,5.159090909090909,-1.34,-0.112,-3.4673550000000004,4
40,6.0,41.0,Mark,27,R.O'Brien,ADE,RUC,93.28571428571429,10.0,8.523809523809524,-4.176,-8.366,-3.771965,4
41,6.0,42.0,Luke,585,D.*** Martin,RIC,FWD,63.46153846153846,65.76923076923077,26.192307692307693,-7.46,-5.826,-3.333425,3
42,6.0,43.0,Simon,257,N.Anderson,GCS,MID,106.69565217391305,26.130434782608695,19.23913043478261,-2.7,-0.984,-2.8778200000000003,1
43,6.0,44.0,Lester,690,C.Warner,SYD,MID,103.86363636363636,26.0,19.204545454545453,-3.012,-1.419,-3.07475,1
44,6.0,45.0,Paul,372,J.Kelly,GWS,MID,99.93333333333334,27.166666666666668,22.6,-3.444,-2.948,-8.476104,4
45,6.0,46.0,James,590,T.Nankervis,RIC,RUC,110.23809523809524,7.0476190476190474,6.119047619047619,-2.31,0.895,-9.195267,7
46,6.0,47.0,Anthony,703,C.Daniel,WBD,MID,49.93333333333333,65.66666666666667,38.6,-8.95,-7.813,-10.308482,8
47,6.0,48.0,Jordan,518,T.Xerri,NTH,RUC,119.8695652173913,5.695652173913044,5.304347826086956,-1.249,-2.927,-8.55031,7
48,7.0,49.0,Mark,120,N.Newman,CAR,DEF,101.47826086956522,35.17391304347826,18.91304347826087,-3.274,-3.012,-8.274917,5
49,7.0,50.0,Luke,93,A.Cerra,CAR,MID,83.08333333333333,41.625,29.875,-5.3,-3.611,-8.059532,4
50,7.0,51.0,Simon,601,T.Taranto,RIC,MID,94.53333333333333,32.4,23.966666666666665,-4.039,-3.333,-7.791849999999999,3
51,7.0,52.0,Lester,139,J.De Goey,COL,MID,82.0,39.61538461538461,27.615384615384617,-5.419,-5.518,-8.563284,5
52,7.0,53.0,Paul,566,S.Bolton,RIC,FWD,77.22727272727273,49.36363636363637,20.636363636363637,-5.944,-3.339,-8.036638,3
53,7.0,54.0,James,474,J.Viney,MEL,MID,88.0,38.15217391304348,26.58695652173913,-4.758,0.375,-7.285378,2
54,7.0,55.0,Anthony,67,H.McCluggage,BRL,MID,98.08695652173913,29.41304347826087,22.282608695652176,-3.648,-3.266,-8.422789,4
55,7.0,56.0,Jordan,418,J.Newcombe,HAW,MID,98.30434782608695,29.934782608695652,22.67391304347826,-3.624,-3.94,-8.836628000000001,6
56,8.0,57.0,Mark,671,J.Lloyd,SYD,DEF,82.47826086956522,55.32608695652174,28.891304347826086,-5.366,-4.812,-8.681249999999999,5
57,8.0,58.0,Luke,293,M.Rowell,GCS,MID,102.1304347826087,27.456521739130434,20.304347826086957,-3.202,1.244,-7.174751,1
58,8.0,59.0,Simon,99,C.Curnow,CAR,FWD,82.42857142857143,42.04761904761905,17.571428571428573,-5.372,-3.516,-8.894626,7
59,8.0,60.0,Lester,389,L.Whitfield,GWS,DEF,111.0,22.32608695652174,13.195652173913043,-2.226,-1.429,-8.183605,1
60,8.0,61.0,Paul,363,T.Greene,GWS,FWD,79.13636363636364,43.56818181818182,18.772727272727273,-5.734,-5.519,-9.096397999999999,8
61,8.0,62.0,James,289,W.Powell,GCS,DEF,88.55555555555556,51.02777777777778,25.72222222222222,-4.697,-0.758,-8.358680999999999,4
62,8.0,63.0,Anthony,702,B.Dale,WBD,DEF,98.0,41.02173913043478,20.52173913043478,-3.657,-3.059,-8.753798999999999,6
63,8.0,64.0,Jordan,7,M.Crouch,ADE,MID,105.53333333333333,23.933333333333334,19.533333333333335,-2.828,-1.473,-8.357317,4
64,9.0,65.0,Mark,355,S.Coniglio,GWS,MID,79.38461538461539,46.34615384615385,31.076923076923077,-5.707,-2.451,-8.559993,5
65,9.0,66.0,Luke,97,P.Cripps,CAR,MID,110.47826086956522,19.26086956521739,15.826086956521738,-2.283,-2.389,-8.610017,5
66,9.0,67.0,Simon,730,A.Treloar,WBD,MID,116.5909090909091,18.65909090909091,15.25,-1.61,-1.713,-8.349685000000001,4
67,9.0,68.0,Lester,762,T.Kelly,WCE,MID,95.45,32.85,24.975,-3.938,-3.712,-8.792878,7
68,9.0,69.0,Paul,193,N.Martin,ESS,DEF,105.04347826086956,27.369565217391305,16.652173913043477,-2.882,-2.069,-8.180941,5
69,9.0,70.0,James,667,J.Jordon,SYD,FWD,67.8695652173913,57.73913043478261,23.26086956521739,-6.975,-5.251,-8.966954,8
70,9.0,71.0,Anthony,133,D.Cameron,COL,RUC,105.1304347826087,7.478260869565218,6.565217391304348,-2.872,0.003,-7.326465,6
71,9.0,72.0,Jordan,649,T.Adams,SYD,FWD,68.6842105263158,62.36842105263158,24.894736842105264,-6.885,-3.688,-8.427647,6
72,10.0,73.0,Mark,295,A.Sexton,GCS,DEF,74.6,67.53333333333333,32.833333333333336,-6.234,-5.082,-8.744153,8
73,10.0,74.0,Luke,560,O.Wines,PTA,MID,99.36363636363636,27.65909090909091,20.431818181818183,-3.507,-3.063,-4.961512,1
74,10.0,75.0,Simon,137,J.Daicos,COL,MID,89.56521739130434,34.54347826086956,25.32608695652174,-4.586,-2.777,-5.900405999999999,4
75,10.0,76.0,Lester,415,D.Moore,HAW,FWD,97.73913043478261,28.630434782608695,13.478260869565217,-3.686,-2.825,-5.305005,1
76,10.0,77.0,Paul,31,I.Rankine,ADE,FWD,96.8,24.7,12.033333333333333,-3.789,-3.01,-5.961684999999999,3
77,10.0,78.0,James,652,N.Blakey,SYD,DEF,97.47826086956522,38.65217391304348,20.67391304347826,-3.715,-1.394,-5.804945,2
78,10.0,79.0,Anthony,101,S.Docherty,CAR,MID,25.0,46.0,27.0,-11.695,-11.907,-8.505008,8
79,10.0,80.0,Jordan,307,J.Cameron,GEE,FWD,86.5,40.70454545454545,17.068181818181817,-4.923,-0.852,-5.8636,2
80,11.0,81.0,Mark,615,B.Crouch,STK,MID,56.0,70.0,48.0,-8.282,-8.537,-7.892125,8
81,11.0,82.0,Luke,159,T.Mitchell,COL,MID,81.5,39.166666666666664,26.666666666666668,-5.474,-5.06,-6.794161,8
82,11.0,83.0,Simon,645,C.Wilkie,STK,DEF,91.73913043478261,46.869565217391305,24.956521739130434,-4.347,-3.909,-6.54746,7
83,11.0,84.0,Lester,463,C.Salem,MEL,DEF,80.0,56.8235294117647,27.91176470588235,-5.639,-3.937,-6.5857779999999995,8
84,11.0,85.0,Paul,194,A.McGrath,ESS,DEF,95.3913043478261,39.26086956521739,21.869565217391305,-3.944,0.09,-5.281993,4
85,11.0,86.0,James,106,G.Hewett,CAR,MID,92.14285714285714,32.857142857142854,22.857142857142858,-4.302,-3.103,-6.233039,7
86,11.0,87.0,Anthony,643,N.Wanganeen-Milera,STK,DEF,100.9090909090909,29.272727272727273,18.431818181818183,-3.337,-2.083,-5.932351,6
87,11.0,88.0,Jordan,779,E.Yeo,WCE,DEF,104.8,30.5,17.25,-2.909,-1.303,-6.019063,7
88,12.0,89.0,Mark,68,O.McInerney,BRL,RUC,96.0,9.159090909090908,7.931818181818182,-3.877,-8.254,-4.791904,7
89,12.0,90.0,Luke,51,K.Coleman,BRL,DEF,37.0,60.0,28.0,-10.373,-9.873,-6.43176,8
90,12.0,91.0,Simon,160,D.Moore,COL,DEF,74.82608695652173,68.67391304347827,33.21739130434783,-6.209,-5.386,-4.015192,6
91,12.0,92.0,Lester,390,K.Amon,HAW,DEF,91.65217391304348,43.108695652173914,23.891304347826086,-4.356,-3.812,-3.4182639999999997,1
92,12.0,93.0,Paul,562,L.Baker,RIC,DEF,82.33333333333333,55.0,27.583333333333332,-5.382,-4.591,-3.6670160000000003,3
93,12.0,94.0,James,450,J.Lever,MEL,DEF,70.22222222222223,75.5,34.388888888888886,-6.716,-4.772,-3.6502,3
94,12.0,95.0,Anthony,304,M.Blicavs,GEE,MID,68.18181818181819,55.13636363636363,36.70454545454545,-6.94,-4.625,-3.884296,4
95,12.0,96.0,Jordan,173,J.Caldwell,ESS,FWD,93.95652173913044,27.23913043478261,13.0,-4.102,-3.621,-3.530624,1
96,13.0,97.0,Mark,30,J.Rachele,ADE,FWD,63.81818181818182,67.47727272727273,26.40909090909091,-7.421,-6.032,-4.886816,8
97,13.0,98.0,Luke,228,N.Fyfe,FRE,FWD,69.18181818181819,59.79545454545455,23.204545454545453,-6.83,-2.948,-4.050208,4
98,13.0,99.0,Simon,124,A.Saad,CAR,DEF,86.88235294117646,48.8235294117647,24.029411764705884,-4.881,-4.123,-4.42952,5
99,13.0,100.0,Lester,325,M.Holmes,GEE,DEF,99.08695652173913,32.82608695652174,19.695652173913043,-3.538,-1.924,-3.7561680000000006,3
100,13.0,101.0,Paul,686,J.Rowbottom,SYD,MID,94.52380952380952,33.404761904761905,24.261904761904763,-4.04,-1.799,-3.545848,2
101,13.0,102.0,James,648,M.Wood,STK,FWD,80.11111111111111,45.19444444444444,18.444444444444443,-5.627,-4.728,-4.592752,4
102,13.0,103.0,Anthony,86,D.Zorko,BRL,FWD,110.43478260869566,16.934782608695652,8.891304347826088,-2.288,-1.518,-3.7748720000000002,3
103,13.0,104.0,Jordan,581,J.Hopper,RIC,MID,80.83333333333333,44.125,32.25,-5.547,-4.081,-4.613144,4
104,14.0,105.0,Mark,488,Z.Fisher,NTH,DEF,85.0,53.27777777777778,25.805555555555557,-5.089,-4.452,-4.661824,4
105,14.0,106.0,Luke,367,H.Himmelberg,GWS,DEF,91.26086956521739,40.891304347826086,23.108695652173914,-4.399,-3.09,-3.97796,3
106,14.0,107.0,Simon,202,J.Ridley,ESS,DEF,102.55555555555556,37.833333333333336,17.22222222222222,-3.156,3.376,-1.6844240000000004,1
107,14.0,108.0,Lester,47,Z.Bailey,BRL,FWD,70.5,54.52777777777778,22.444444444444443,-6.685,-5.662,-4.90676,2
108,14.0,109.0,Paul,180,T.Goldstein,ESS,RUC,70.0,13.535714285714286,11.392857142857142,-6.74,-13.524,-7.695696,8
109,14.0,110.0,James,315,M.Duncan,GEE,DEF,78.55,64.55,30.375,-5.799,-4.308,-2.367479,1
110,14.0,111.0,Anthony,200,M.Redman,ESS,DEF,88.28571428571429,50.19047619047619,26.714285714285715,-4.727,-3.986,-6.218373,6
111,14.0,112.0,Jordan,16,M.Hinge,ADE,DEF,93.45454545454545,43.15909090909091,23.613636363636363,-4.158,-2.984,-6.103721,4
112,15.0,113.0,Mark,603,N.Vlastuin,RIC,DEF,91.31818181818181,48.20454545454545,24.90909090909091,-4.393,-0.44,-5.5901559999999995,2
113,15.0,114.0,Luke,218,J.Clark,FRE,DEF,104.6086956521739,27.782608695652176,16.195652173913043,-2.93,-1.57,-5.54243,1
114,15.0,115.0,Simon,633,M.Owens,STK,FWD,63.82608695652174,68.76086956521739,26.58695652173913,-7.42,-5.292,-6.494784,7
115,15.0,116.0,Lester,749,L.Duggan,WCE,DEF,86.0952380952381,52.45238095238095,25.88095238095238,-4.968,-3.275,-6.199416,5
116,15.0,117.0,Paul,151,P.Lipinski,COL,FWD,75.65217391304348,51.28260869565217,19.91304347826087,-6.118,-4.922,-6.7387049999999995,8
117,15.0,118.0,James,432,J.Worpel,HAW,MID,87.30434782608695,38.41304347826087,27.5,-4.835,-1.727,-5.9625390000000005,4
118,15.0,119.0,Anthony,136,J.Crisp,COL,DEF,87.17391304347827,50.869565217391305,26.58695652173913,-4.849,-3.96,-6.317663,7
119,15.0,120.0,Jordan,302,T.Atkins,GEE,DEF,80.1,62.325,30.175,-5.628,-4.255,-6.034854999999999,5
120,16.0,121.0,Mark,778,A.Witherden,WCE,DEF,69.11111111111111,82.41666666666667,35.888888888888886,-6.838,-6.004,-6.404191,8
121,16.0,122.0,Luke,462,T.Rivers,MEL,DEF,85.91304347826087,51.108695652173914,26.652173913043477,-4.988,-4.494,-5.874401,4
122,16.0,123.0,Simon,536,J.Horne-Francis,PTA,MID,99.66666666666667,27.38095238095238,21.404761904761905,-3.474,-1.364,-5.123437,2
123,16.0,124.0,Lester,41,T.Walker,ADE,FWD,64.44444444444444,66.38888888888889,25.38888888888889,-7.352,-6.085,-6.243454999999999,5
124,16.0,125.0,Paul,44,H.Andrews,BRL,DEF,83.4090909090909,53.45454545454545,27.477272727272727,-5.264,-1.182,-4.984183,1
125,16.0,126.0,James,163,S.Pendlebury,COL,MID,86.45,40.275,27.8,-4.929,-4.897,-5.940592,3
126,16.0,127.0,Anthony,409,C.Macdonald,HAW,FWD,74.34782608695652,53.34782608695652,21.847826086956523,-6.261,-6.482,-6.325019,4
127,16.0,128.0,Jordan,725,E.Richards,WBD,DEF,98.55,38.025,22.025,-3.597,-3.235,-5.523385,2
128,17.0,129.0,Mark,220,B.Cox,FRE,DEF,65.11111111111111,89.77777777777777,40.77777777777778,-7.278,-6.754,-6.358231,3
129,17.0,130.0,Luke,711,J.Harmes,WBD,FWD,70.625,58.0,22.8125,-6.671,-5.767,-6.066959000000001,2
130,17.0,131.0,Simon,384,S.Taylor,GWS,DEF,71.3125,69.96875,31.34375,-6.596,-3.372,-7.518552000000001,6
131,17.0,132.0,Lester,410,C.Mackenzie,HAW,FWD,60.85,70.25,26.775,-7.748,-6.484,-7.933176,7
132,17.0,133.0,Paul,312,P.Dangerfield,GEE,MID,84.28571428571429,41.785714285714285,30.071428571428573,-5.167,-0.06,-5.09388,1
133,17.0,134.0,James,331,G.Miers,GEE,FWD,81.91304347826087,40.65217391304348,17.152173913043477,-5.428,-4.083,-6.980088,2
134,17.0,135.0,Anthony,770,H.Reid,WCE,FWD,80.55,46.3,19.425,-5.579,-4.531,-7.318752,4
135,17.0,136.0,Jordan,594,D.Rioli,RIC,DEF,92.8695652173913,40.56521739130435,22.652173913043477,-4.222,-3.951,-7.0010319999999995,3
136,18.0,137.0,Mark,635,M.Phillipou,STK,FWD,58.23076923076923,75.92307692307692,28.115384615384617,-8.036,-8.344,-8.910903999999999,8
137,18.0,138.0,Luke,555,I.Soldo,PTA,RUC,83.125,10.625,8.875,-5.295,-1.783,-6.281576,1
138,18.0,139.0,Simon,190,K.Langford,ESS,FWD,78.34782608695652,46.08695652173913,18.456521739130434,-5.821,-5.045,-7.546456,4
139,18.0,140.0,Lester,677,H.McLean,SYD,FWD,68.43478260869566,56.28260869565217,22.717391304347824,-6.912,-6.722,-7.937336,7
140,18.0,141.0,Paul,164,I.Quaynor,COL,DEF,58.52173913043478,96.47826086956522,40.26086956521739,-8.004,-5.103,-7.225888,5
141,18.0,142.0,James,100,T.De Koning,CAR,RUC,101.52941176470588,8.205882352941176,6.882352941176471,-3.269,-6.558,-7.786608000000001,6
142,18.0,143.0,Anthony,397,W.Day,HAW,MID,91.1875,35.125,23.375,-4.407,-3.287,-6.550648000000001,1
143,18.0,144.0,Jordan,181,J.Gresham,ESS,FWD,59.09090909090909,78.81818181818181,29.727272727272727,-7.941,-4.737,-7.136072,2
144,19.0,145.0,Mark,773,D.Sheed,WCE,MID,44.25,69.75,39.3125,-9.575,-9.814,-8.993664,8
145,19.0,146.0,Luke,682,L.Parker,SYD,MID,70.85714285714286,52.57142857142857,33.92857142857143,-6.646,-6.923,-7.890592000000001,8
146,19.0,147.0,Simon,534,J.Finlayson,PTA,FWD,56.75,79.29166666666667,28.791666666666668,-8.199,-5.292,-7.205696,6
147,19.0,148.0,Lester,525,R.Burton,PTA,DEF,71.92307692307692,73.07692307692308,34.03846153846154,-6.528,-3.672,-6.666416,4
148,19.0,149.0,Paul,75,C.Rayner,BRL,FWD,78.43478260869566,48.891304347826086,20.717391304347824,-5.811,-5.316,-7.14248,6
149,19.0,150.0,James,19,B.Keays,ADE,FWD,81.04347826086956,45.73913043478261,19.67391304347826,-5.524,-5.656,-7.214512,7
150,19.0,151.0,Anthony,726,R.Sanders,WBD,FWD,62.92857142857143,66.57142857142857,25.714285714285715,-7.519,-6.371,-7.283608000000001,8
151,19.0,152.0,Jordan,354,F.Callaghan,GWS,MID,81.95454545454545,42.20454545454545,29.363636363636363,-5.424,-5.717,-6.9298079999999995,8
152,20.0,153.0,Mark,177,S.Draper,ESS,FWD,75.9375,49.96875,20.59375,-6.086,-6.155,-6.586145,8
153,20.0,154.0,Luke,507,T.Powell,NTH,FWD,80.17391304347827,43.47826086956522,18.47826086956522,-5.62,-1.838,-4.436662,1
154,20.0,155.0,Simon,357,B.Daniels,GWS,FWD,90.0,34.833333333333336,16.166666666666668,-4.538,-4.552,-4.893231,1
155,20.0,156.0,Lester,23,W.Milera,ADE,DEF,67.33333333333333,78.0,37.833333333333336,-7.034,-4.679,-5.609831000000001,2
156,20.0,157.0,Paul,461,K.Pickett,MEL,FWD,73.38095238095238,54.595238095238095,21.523809523809526,-6.368,-5.045,-5.953721,4
157,20.0,158.0,James,369,C.Idun,GWS,DEF,85.0,49.02173913043478,26.82608695652174,-5.089,-4.22,-6.063974000000001,6
158,20.0,159.0,Anthony,451,S.May,MEL,DEF,90.47368421052632,42.55263157894737,21.81578947368421,-4.486,-1.606,-5.505467,2
159,20.0,160.0,Jordan,423,J.Scrimshaw,HAW,DEF,82.0,55.63636363636363,29.75,-5.419,-4.75,-6.033854,5
160,21.0,161.0,Mark,52,J.Daniher,BRL,FWD,83.91304347826087,41.67391304347826,17.58695652173913,-5.208,-4.402,-5.674062,4
161,21.0,162.0,Luke,434,J.Billings,MEL,MID,57.625,61.46875,38.625,-8.103,-7.414,-6.438949000000001,8
162,21.0,163.0,Simon,128,Z.Williams,CAR,DEF,68.0,75.36111111111111,35.388888888888886,-6.96,-6.015,-6.136605,7
163,21.0,164.0,Lester,607,R.Bonner,STK,DEF,75.3157894736842,67.52631578947368,31.894736842105264,-6.155,-2.984,-5.528861000000001,5
164,21.0,165.0,Paul,533,K.Farrell,PTA,DEF,82.5909090909091,57.15909090909091,28.363636363636363,-5.354,-2.666,-5.569043000000001,5
165,21.0,166.0,James,204,W.Setterfield,ESS,MID,107.25,22.75,19.125,-2.639,-1.31,-5.2426319999999995,3
166,21.0,167.0,Anthony,517,G.Wardlaw,NTH,MID,85.61111111111111,40.44444444444444,28.88888888888889,-5.021,-4.867,-6.133903,5
167,21.0,168.0,Jordan,511,J.Simpkin,NTH,FWD,79.66666666666667,47.666666666666664,20.444444444444443,-5.676,-5.826,-6.39349,6
168,22.0,169.0,Mark,368,J.Hogan,GWS,FWD,92.3913043478261,34.08695652173913,15.521739130434783,-4.275,1.492,-4.412844,1
169,22.0,170.0,Luke,348,L.Ash,GWS,DEF,84.76470588235294,52.14705882352941,27.176470588235293,-5.114,0.09,-4.822105,1
170,22.0,171.0,Simon,530,C.Dixon,PTA,FWD,75.5,52.78125,20.59375,-6.135,-2.085,-5.310848999999999,2
171,22.0,172.0,Lester,457,A.Neal-Bullen,MEL,FWD,85.08695652173913,37.21739130434783,16.847826086956523,-5.079,-4.12,-5.986084,2
172,22.0,173.0,Paul,87,B.Acres,CAR,MID,92.9090909090909,31.681818181818183,24.181818181818183,-4.218,-3.647,-6.8190479999999996,8
173,22.0,174.0,James,154,B.Maynard,COL,DEF,78.0,64.82608695652173,30.82608695652174,-5.859,-1.924,-6.446969,7
174,22.0,175.0,Anthony,256,B.Ainsworth,GCS,FWD,66.0,61.8235294117647,25.08823529411765,-7.181,-5.538,-6.370073,7
175,22.0,176.0,Jordan,417,C.Nash,HAW,MID,76.43478260869566,46.95652173913044,31.934782608695652,-6.032,-5.277,-6.172455,6
176,23.0,177.0,Mark,277,B.Humphrey,GCS,FWD,50.19047619047619,86.78571428571429,31.0,-8.921,-7.851,-6.610629,8
177,23.0,178.0,Luke,115,H.McKay,CAR,FWD,86.7,34.9,16.075,-4.901,0.382,-4.068743,1
178,23.0,179.0,Simon,123,M.Pittonet,CAR,RUC,89.84615384615384,10.923076923076923,9.26923076923077,-4.555,-8.701,-6.351444,6
179,23.0,180.0,Lester,503,C.McKercher,NTH,DEF,88.5,48.9375,23.9375,-4.703,-4.096,-5.71003,4
180,23.0,181.0,Paul,263,C.Budarick,GCS,DEF,63.375,84.3125,38.625,-7.47,-3.831,-5.560001999999999,2
181,23.0,182.0,James,386,C.Ward,GWS,MID,77.38888888888889,44.47222222222222,30.22222222222222,-5.927,-5.801,-6.063371999999999,5
182,23.0,183.0,Anthony,721,A.Naughton,WBD,FWD,70.57894736842105,60.3421052631579,23.31578947368421,-6.676,-4.613,-5.641852000000001,3
183,23.0,184.0,Jordan,167,L.Schultz,COL,FWD,60.75,72.0,28.125,-7.759,-7.018,-6.542635000000001,7
