,feed_id,player_id,scr_pos,count,avg,pos_scr,mean,sd
171,1009260,273,FWD,22,119.04545454545455,3.216,85.0349613779445,10.575399608056781
55,298539,666,FWD,21,116.76190476190476,3.0,85.0349613779445,10.575399608056781
1,261224,86,FWD,23,110.43478260869566,2.402,85.0349613779445,10.575399608056781
52,297373,695,MID,23,126.3913043478261,2.4,102.879972203589,9.797866887539554
219,1023518,509,DEF,21,117.95238095238095,2.182,96.98531134300332,9.610427729930151
216,1023261,138,DEF,23,117.17391304347827,2.101,96.98531134300332,9.610427729930151
3,290528,443,RUC,21,124.14285714285714,2.087,104.16184581805271,9.57260498747328
101,998659,241,DEF,23,116.6086956521739,2.042,96.98531134300332,9.610427729930151
120,1006121,526,MID,23,120.43478260869566,1.792,102.879972203589,9.797866887539554
25,293535,72,MID,22,119.86363636363636,1.733,102.879972203589,9.797866887539554
27,1004965,518,RUC,23,119.8695652173913,1.641,104.16184581805271,9.57260498747328
24,294305,389,DEF,23,111.0,1.458,96.98531134300332,9.610427729930151
18,291790,730,MID,22,116.5909090909091,1.399,102.879972203589,9.797866887539554
31,294859,766,DEF,19,110.26315789473684,1.382,96.98531134300332,9.610427729930151
79,994389,639,DEF,22,109.9090909090909,1.345,96.98531134300332,9.610427729930151
145,1009420,242,MID,23,115.69565217391305,1.308,102.879972203589,9.797866887539554
65,992016,197,MID,23,115.26086956521739,1.264,102.879972203589,9.797866887539554
153,1006314,415,FWD,23,97.73913043478261,1.201,85.0349613779445,10.575399608056781
108,1001195,31,FWD,15,96.8,1.112,85.0349613779445,10.575399608056781
76,994295,537,DEF,22,106.81818181818181,1.023,96.98531134300332,9.610427729930151
73,993834,54,MID,23,111.78260869565217,0.909,102.879972203589,9.797866887539554
176,1009399,230,FWD,23,94.52173913043478,0.897,85.0349613779445,10.575399608056781
144,1006103,173,FWD,23,93.95652173913044,0.844,85.0349613779445,10.575399608056781
169,1012013,193,DEF,23,105.04347826086956,0.838,96.98531134300332,9.610427729930151
14,992468,629,RUC,23,112.0,0.819,104.16184581805271,9.57260498747328
18,292128,779,DEF,20,104.8,0.813,96.98531134300332,9.610427729930151
137,1006152,218,DEF,23,104.6086956521739,0.793,96.98531134300332,9.610427729930151
62,990704,97,MID,23,110.47826086956522,0.776,102.879972203589,9.797866887539554
100,1002232,215,MID,23,109.82608695652173,0.709,102.879972203589,9.797866887539554
41,296324,368,FWD,23,92.3913043478261,0.696,85.0349613779445,10.575399608056781
105,1002267,483,MID,23,109.1304347826087,0.638,102.879972203589,9.797866887539554
9,298174,590,RUC,21,110.23809523809524,0.635,104.16184581805271,9.57260498747328
44,296205,640,MID,23,108.6086956521739,0.585,102.879972203589,9.797866887539554
110,1001026,202,DEF,9,102.55555555555556,0.58,96.98531134300332,9.610427729930151
117,1006094,126,MID,19,108.36842105263158,0.56,102.879972203589,9.797866887539554
164,1013128,663,MID,23,108.0,0.523,102.879972203589,9.797866887539554
117,1002251,357,FWD,21,90.0,0.469,85.0349613779445,10.575399608056781
50,297907,120,DEF,23,101.47826086956522,0.468,96.98531134300332,9.610427729930151
159,1009256,255,DEF,23,101.34782608695652,0.454,96.98531134300332,9.610427729930151
88,998215,204,MID,4,107.25,0.446,102.879972203589,9.797866887539554
185,1015507,643,DEF,22,100.9090909090909,0.408,96.98531134300332,9.610427729930151
25,1004592,706,RUC,22,108.0,0.401,104.16184581805271,9.57260498747328
137,1009199,257,MID,23,106.69565217391305,0.389,102.879972203589,9.797866887539554
4,291975,301,RUC,16,107.875,0.388,104.16184581805271,9.57260498747328
147,1009528,362,MID,23,106.56521739130434,0.376,102.879972203589,9.797866887539554
53,297401,7,MID,15,105.53333333333333,0.271,102.879972203589,9.797866887539554
5,293957,662,RUC,23,106.6086956521739,0.256,104.16184581805271,9.57260498747328
188,1015889,325,DEF,23,99.08695652173913,0.219,96.98531134300332,9.610427729930151
48,297566,425,DEF,20,98.9,0.199,96.98531134300332,9.610427729930151
146,1008280,725,DEF,20,98.55,0.163,96.98531134300332,9.610427729930151
105,1000953,115,FWD,20,86.7,0.157,85.0349613779445,10.575399608056781
26,293845,307,FWD,22,86.5,0.139,85.0349613779445,10.575399608056781
11,290799,717,MID,17,104.23529411764706,0.138,102.879972203589,9.797866887539554
24,293222,20,MID,23,104.1304347826087,0.128,102.879972203589,9.797866887539554
85,996708,702,DEF,23,98.0,0.106,96.98531134300332,9.610427729930151
12,990291,133,RUC,23,105.1304347826087,0.101,104.16184581805271,9.57260498747328
156,1012014,690,MID,22,103.86363636363636,0.1,102.879972203589,9.797866887539554
134,1006028,652,DEF,23,97.47826086956522,0.051,96.98531134300332,9.610427729930151
56,298210,459,MID,13,103.23076923076923,0.036,102.879972203589,9.797866887539554
44,296420,457,FWD,23,85.08695652173913,0.005,85.0349613779445,10.575399608056781
99,999827,488,FWD,18,85.0,-0.003,85.0349613779445,10.575399608056781
14,291800,342,DEF,22,96.68181818181819,-0.032,96.98531134300332,9.610427729930151
58,298272,286,MID,18,102.55555555555556,-0.033,102.879972203589,9.797866887539554
21,1000980,413,RUC,19,103.47368421052632,-0.072,104.16184581805271,9.57260498747328
189,1012819,249,FWD,20,84.25,-0.074,85.0349613779445,10.575399608056781
67,992242,9,MID,22,102.13636363636364,-0.076,102.879972203589,9.797866887539554
138,1009208,293,MID,23,102.1304347826087,-0.077,102.879972203589,9.797866887539554
29,294518,52,FWD,23,83.91304347826087,-0.106,85.0349613779445,10.575399608056781
93,998102,194,DEF,23,95.3913043478261,-0.166,96.98531134300332,9.610427729930151
80,996554,775,FWD,20,83.1,-0.183,85.0349613779445,10.575399608056781
81,996731,99,FWD,21,82.42857142857143,-0.246,85.0349613779445,10.575399608056781
185,1011936,676,FWD,17,82.3529411764706,-0.254,85.0349613779445,10.575399608056781
102,1000223,562,FWD,18,82.33333333333333,-0.255,85.0349613779445,10.575399608056781
26,1004912,100,RUC,17,101.52941176470588,-0.275,104.16184581805271,9.57260498747328
130,1004938,331,FWD,23,81.91304347826087,-0.295,85.0349613779445,10.575399608056781
47,296347,372,MID,15,99.93333333333334,-0.301,102.879972203589,9.797866887539554
150,1011640,536,MID,21,99.66666666666667,-0.328,102.879972203589,9.797866887539554
32,294318,560,MID,22,99.36363636363636,-0.359,102.879972203589,9.797866887539554
123,1004863,16,DEF,22,93.45454545454545,-0.367,96.98531134300332,9.610427729930151
73,993946,19,FWD,23,81.04347826086956,-0.377,85.0349613779445,10.575399608056781
259,1023492,770,FWD,20,80.55,-0.424,85.0349613779445,10.575399608056781
109,1000981,594,DEF,23,92.8695652173913,-0.428,96.98531134300332,9.610427729930151
182,1011659,507,FWD,23,80.17391304347827,-0.46,85.0349613779445,10.575399608056781
34,295340,648,FWD,18,80.11111111111111,-0.466,85.0349613779445,10.575399608056781
196,1020895,418,MID,23,98.30434782608695,-0.467,102.879972203589,9.797866887539554
96,1001299,552,MID,20,98.25,-0.473,102.879972203589,9.797866887539554
82,996765,681,FWD,18,80.0,-0.476,85.0349613779445,10.575399608056781
95,1000978,67,MID,23,98.08695652173913,-0.489,102.879972203589,9.797866887539554
77,993998,511,FWD,18,79.66666666666667,-0.508,85.0349613779445,10.575399608056781
16,291533,453,FWD,22,79.5,-0.523,85.0349613779445,10.575399608056781
43,296422,645,DEF,23,91.73913043478261,-0.546,96.98531134300332,9.610427729930151
223,1017126,704,FWD,20,79.25,-0.547,85.0349613779445,10.575399608056781
45,297354,390,DEF,23,91.65217391304348,-0.555,96.98531134300332,9.610427729930151
35,295344,363,FWD,22,79.13636363636364,-0.558,85.0349613779445,10.575399608056781
29,294674,603,DEF,22,91.31818181818181,-0.59,96.98531134300332,9.610427729930151
68,993107,367,DEF,23,91.26086956521739,-0.596,96.98531134300332,9.610427729930151
0,250365,523,FWD,20,78.6,-0.608,85.0349613779445,10.575399608056781
18,998145,221,RUC,12,98.25,-0.618,104.16184581805271,9.57260498747328
114,1002235,75,FWD,23,78.43478260869566,-0.624,85.0349613779445,10.575399608056781
56,298630,190,FWD,23,78.34782608695652,-0.632,85.0349613779445,10.575399608056781
3,281085,451,DEF,19,90.47368421052632,-0.678,96.98531134300332,9.610427729930151
64,992059,247,FWD,20,77.3,-0.731,85.0349613779445,10.575399608056781
76,993993,566,FWD,22,77.22727272727273,-0.738,85.0349613779445,10.575399608056781
43,295898,762,MID,20,95.45,-0.758,102.879972203589,9.797866887539554
109,1001398,110,FWD,23,76.91304347826087,-0.768,85.0349613779445,10.575399608056781
163,1008384,40,FWD,7,76.42857142857143,-0.814,85.0349613779445,10.575399608056781
212,1015781,480,FWD,19,76.15789473684211,-0.839,85.0349613779445,10.575399608056781
87,998172,601,MID,15,94.53333333333333,-0.852,102.879972203589,9.797866887539554
121,1006126,686,MID,21,94.52380952380952,-0.853,102.879972203589,9.797866887539554
28,1005521,68,RUC,22,96.0,-0.853,104.16184581805271,9.57260498747328
137,1005577,177,FWD,16,75.9375,-0.86,85.0349613779445,10.575399608056781
32,1008436,350,RUC,22,95.81818181818181,-0.872,104.16184581805271,9.57260498747328
140,1007881,289,DEF,18,88.55555555555556,-0.877,96.98531134300332,9.610427729930151
269,1025034,314,FWD,23,75.73913043478261,-0.879,85.0349613779445,10.575399608056781
224,1024272,503,DEF,16,88.5,-0.883,96.98531134300332,9.610427729930151
123,1003130,151,FWD,23,75.65217391304348,-0.887,85.0349613779445,10.575399608056781
4,280711,530,FWD,16,75.5,-0.902,85.0349613779445,10.575399608056781
88,997078,200,DEF,21,88.28571428571429,-0.905,96.98531134300332,9.610427729930151
67,993794,403,FWD,23,75.43478260869566,-0.908,85.0349613779445,10.575399608056781
71,993878,330,FWD,10,75.2,-0.93,85.0349613779445,10.575399608056781
196,1012862,107,FWD,21,75.14285714285714,-0.935,85.0349613779445,10.575399608056781
6,290629,184,DEF,18,88.0,-0.935,96.98531134300332,9.610427729930151
130,1005144,396,DEF,22,87.68181818181819,-0.968,96.98531134300332,9.610427729930151
31,294643,295,FWD,15,74.6,-0.987,85.0349613779445,10.575399608056781
221,1017094,409,FWD,23,74.34782608695652,-1.011,85.0349613779445,10.575399608056781
45,296294,87,MID,22,92.9090909090909,-1.018,102.879972203589,9.797866887539554
20,293871,136,DEF,23,87.17391304347827,-1.021,96.98531134300332,9.610427729930151
10,290826,745,FWD,23,74.21739130434783,-1.023,85.0349613779445,10.575399608056781
37,295461,124,DEF,17,86.88235294117646,-1.051,96.98531134300332,9.610427729930151
30,294036,106,MID,21,92.14285714285714,-1.096,102.879972203589,9.797866887539554
166,1008541,461,FWD,21,73.38095238095238,-1.102,85.0349613779445,10.575399608056781
51,298268,749,DEF,21,86.0952380952381,-1.133,96.98531134300332,9.610427729930151
7,297523,27,RUC,21,93.28571428571429,-1.136,104.16184581805271,9.57260498747328
160,1009378,462,DEF,23,85.91304347826087,-1.152,96.98531134300332,9.610427729930151
120,1002403,588,FWD,21,72.80952380952381,-1.156,85.0349613779445,10.575399608056781
36,295467,719,FWD,18,72.77777777777777,-1.159,85.0349613779445,10.575399608056781
84,997230,340,FWD,23,72.78260869565217,-1.159,85.0349613779445,10.575399608056781
134,1008550,397,MID,16,91.1875,-1.193,102.879972203589,9.797866887539554
37,295584,623,FWD,22,72.0909090909091,-1.224,85.0349613779445,10.575399608056781
167,1011981,42,DEF,13,85.0,-1.247,96.98531134300332,9.610427729930151
141,1008083,369,DEF,23,85.0,-1.247,96.98531134300332,9.610427729930151
194,1012857,400,FWD,21,71.80952380952381,-1.251,85.0349613779445,10.575399608056781
94,1000972,531,MID,23,90.52173913043478,-1.261,102.879972203589,9.797866887539554
158,1009253,348,DEF,17,84.76470588235294,-1.272,96.98531134300332,9.610427729930151
79,996232,182,FWD,13,71.38461538461539,-1.291,85.0349613779445,10.575399608056781
97,998134,606,DEF,23,84.30434782608695,-1.32,96.98531134300332,9.610427729930151
112,1002227,622,FWD,20,70.8,-1.346,85.0349613779445,10.575399608056781
111,1005054,137,MID,23,89.56521739130434,-1.359,102.879972203589,9.797866887539554
48,297899,711,FWD,8,70.625,-1.363,85.0349613779445,10.575399608056781
59,990290,739,DEF,18,83.88888888888889,-1.363,96.98531134300332,9.610427729930151
176,1015810,178,MID,22,89.5,-1.366,102.879972203589,9.797866887539554
121,1002404,721,FWD,19,70.57894736842105,-1.367,85.0349613779445,10.575399608056781
119,1002312,47,FWD,18,70.5,-1.374,85.0349613779445,10.575399608056781
208,1014026,63,FWD,23,70.47826086956522,-1.376,85.0349613779445,10.575399608056781
124,1004870,320,DEF,23,83.73913043478261,-1.378,96.98531134300332,9.610427729930151
72,993817,198,MID,12,89.33333333333333,-1.383,102.879972203589,9.797866887539554
51,298289,211,FWD,14,70.21428571428571,-1.401,85.0349613779445,10.575399608056781
38,296254,405,DEF,23,83.52173913043478,-1.401,96.98531134300332,9.610427729930151
18,291753,268,FWD,5,70.2,-1.403,85.0349613779445,10.575399608056781
179,1010174,535,FWD,17,70.17647058823529,-1.405,85.0349613779445,10.575399608056781
81,996059,44,DEF,22,83.4090909090909,-1.413,96.98531134300332,9.610427729930151
192,1017067,84,DEF,23,83.34782608695652,-1.419,96.98531134300332,9.610427729930151
99,998260,305,DEF,20,83.35,-1.419,96.98531134300332,9.610427729930151
58,990740,718,FWD,15,69.93333333333334,-1.428,85.0349613779445,10.575399608056781
184,1011803,733,FWD,16,69.8125,-1.439,85.0349613779445,10.575399608056781
59,990827,577,FWD,14,69.78571428571429,-1.442,85.0349613779445,10.575399608056781
11,298290,123,RUC,13,89.84615384615384,-1.495,104.16184581805271,9.57260498747328
116,1002253,533,DEF,22,82.5909090909091,-1.498,96.98531134300332,9.610427729930151
17,291570,228,FWD,22,69.18181818181819,-1.499,85.0349613779445,10.575399608056781
35,295342,671,DEF,23,82.47826086956522,-1.51,96.98531134300332,9.610427729930151
90,998484,519,FWD,22,69.0,-1.516,85.0349613779445,10.575399608056781
20,291902,474,MID,23,88.0,-1.519,102.879972203589,9.797866887539554
272,1027704,707,FWD,12,68.75,-1.54,85.0349613779445,10.575399608056781
202,1013268,267,FWD,7,68.71428571428571,-1.543,85.0349613779445,10.575399608056781
19,291776,649,FWD,19,68.6842105263158,-1.546,85.0349613779445,10.575399608056781
65,992049,598,DEF,22,82.0909090909091,-1.55,96.98531134300332,9.610427729930151
95,998114,423,DEF,22,82.0,-1.559,96.98531134300332,9.610427729930151
124,1003203,677,FWD,23,68.43478260869566,-1.57,85.0349613779445,10.575399608056781
154,1006533,709,FWD,11,68.36363636363636,-1.576,85.0349613779445,10.575399608056781
99,1002222,432,MID,23,87.30434782608695,-1.59,102.879972203589,9.797866887539554
13,992330,556,RUC,14,88.78571428571429,-1.606,104.16184581805271,9.57260498747328
32,294685,128,FWD,18,68.0,-1.611,85.0349613779445,10.575399608056781
204,1013409,667,FWD,23,67.8695652173913,-1.623,85.0349613779445,10.575399608056781
96,999331,12,FWD,23,67.52173913043478,-1.656,85.0349613779445,10.575399608056781
60,990840,619,FWD,2,67.5,-1.658,85.0349613779445,10.575399608056781
9,291313,147,DEF,19,81.05263157894737,-1.658,96.98531134300332,9.610427729930151
125,1004095,283,FWD,21,67.38095238095238,-1.669,85.0349613779445,10.575399608056781
83,997100,665,FWD,23,67.34782608695652,-1.672,85.0349613779445,10.575399608056781
1,260257,163,MID,20,86.45,-1.677,102.879972203589,9.797866887539554
171,1012210,685,DEF,20,80.7,-1.695,96.98531134300332,9.610427729930151
210,1015329,10,FWD,9,66.77777777777777,-1.726,85.0349613779445,10.575399608056781
78,994386,302,DEF,20,80.1,-1.757,96.98531134300332,9.610427729930151
205,1023477,517,MID,18,85.61111111111111,-1.763,102.879972203589,9.797866887539554
42,296359,463,DEF,17,80.0,-1.767,96.98531134300332,9.610427729930151
181,1013462,524,DEF,20,79.95,-1.773,96.98531134300332,9.610427729930151
87,998130,256,FWD,17,66.0,-1.8,85.0349613779445,10.575399608056781
172,1009301,731,FWD,21,65.95238095238095,-1.804,85.0349613779445,10.575399608056781
124,1006136,34,MID,20,85.1,-1.815,102.879972203589,9.797866887539554
140,1005992,278,FWD,12,65.58333333333333,-1.839,85.0349613779445,10.575399608056781
256,1023473,429,FWD,16,65.5,-1.847,85.0349613779445,10.575399608056781
23,294101,712,DEF,9,79.22222222222223,-1.848,96.98531134300332,9.610427729930151
141,1006013,378,FWD,17,65.47058823529412,-1.85,85.0349613779445,10.575399608056781
275,1027875,646,FWD,23,65.30434782608695,-1.866,85.0349613779445,10.575399608056781
36,295446,266,DEF,23,79.04347826086956,-1.867,96.98531134300332,9.610427729930151
245,1020650,370,FWD,12,65.16666666666667,-1.879,85.0349613779445,10.575399608056781
94,998103,658,DEF,23,78.91304347826087,-1.88,96.98531134300332,9.610427729930151
145,1006127,734,FWD,21,65.14285714285714,-1.881,85.0349613779445,10.575399608056781
3,270917,312,MID,14,84.28571428571429,-1.898,102.879972203589,9.797866887539554
1,281065,315,DEF,20,78.55,-1.918,96.98531134300332,9.610427729930151
218,1023515,203,DEF,4,78.5,-1.923,96.98531134300332,9.610427729930151
42,1021013,287,RUC,8,85.75,-1.923,104.16184581805271,9.57260498747328
97,999391,468,FWD,21,64.61904761904762,-1.931,85.0349613779445,10.575399608056781
214,1015873,199,FWD,18,64.61111111111111,-1.931,85.0349613779445,10.575399608056781
53,298437,43,FWD,22,64.45454545454545,-1.946,85.0349613779445,10.575399608056781
84,996701,458,MID,21,83.80952380952381,-1.946,102.879972203589,9.797866887539554
3,280506,41,FWD,18,64.44444444444444,-1.947,85.0349613779445,10.575399608056781
74,993953,58,FWD,20,64.4,-1.951,85.0349613779445,10.575399608056781
105,1000072,162,DEF,20,78.2,-1.955,96.98531134300332,9.610427729930151
64,992010,154,DEF,23,78.0,-1.975,96.98531134300332,9.610427729930151
163,1009708,352,DEF,21,78.0,-1.975,96.98531134300332,9.610427729930151
183,1013974,18,DEF,21,77.9047619047619,-1.985,96.98531134300332,9.610427729930151
86,998133,48,MID,23,83.3913043478261,-1.989,102.879972203589,9.797866887539554
254,1023272,633,FWD,23,63.82608695652174,-2.005,85.0349613779445,10.575399608056781
218,1017051,30,FWD,22,63.81818181818182,-2.006,85.0349613779445,10.575399608056781
182,1013464,326,DEF,9,77.66666666666667,-2.01,96.98531134300332,9.610427729930151
61,991930,527,FWD,23,63.73913043478261,-2.014,85.0349613779445,10.575399608056781
186,1017109,37,MID,23,83.1304347826087,-2.016,102.879972203589,9.797866887539554
153,1009191,522,DEF,23,77.6086956521739,-2.016,96.98531134300332,9.610427729930151
102,1002239,93,MID,12,83.08333333333333,-2.021,102.879972203589,9.797866887539554
98,998205,379,DEF,19,77.47368421052632,-2.03,96.98531134300332,9.610427729930151
24,293801,142,FWD,15,63.53333333333333,-2.033,85.0349613779445,10.575399608056781
13,290847,585,FWD,13,63.46153846153846,-2.04,85.0349613779445,10.575399608056781
78,994077,395,FWD,21,63.42857142857143,-2.043,85.0349613779445,10.575399608056781
30,294596,631,FWD,19,63.421052631578945,-2.044,85.0349613779445,10.575399608056781
136,1005330,439,FWD,23,63.21739130434783,-2.063,85.0349613779445,10.575399608056781
28,293884,206,FWD,23,63.130434782608695,-2.071,85.0349613779445,10.575399608056781
73,993832,127,DEF,21,77.0,-2.08,96.98531134300332,9.610427729930151
23,293581,66,FWD,8,63.0,-2.084,85.0349613779445,10.575399608056781
229,1017939,726,FWD,14,62.92857142857143,-2.09,85.0349613779445,10.575399608056781
200,1013230,675,FWD,23,62.73913043478261,-2.108,85.0349613779445,10.575399608056781
150,1006148,145,FWD,23,62.69565217391305,-2.112,85.0349613779445,10.575399608056781
88,998180,214,FWD,22,62.5,-2.131,85.0349613779445,10.575399608056781
79,994185,139,MID,13,82.0,-2.131,102.879972203589,9.797866887539554
202,1023266,354,MID,22,81.95454545454545,-2.136,102.879972203589,9.797866887539554
44,297255,114,DEF,17,76.41176470588235,-2.141,96.98531134300332,9.610427729930151
210,1023517,46,MID,9,81.88888888888889,-2.142,102.879972203589,9.797866887539554
116,1002245,563,FWD,19,62.1578947368421,-2.163,85.0349613779445,10.575399608056781
139,1005988,621,FWD,12,62.0,-2.178,85.0349613779445,10.575399608056781
19,291856,159,MID,6,81.5,-2.182,102.879972203589,9.797866887539554
19,998529,555,RUC,8,83.125,-2.198,104.16184581805271,9.57260498747328
170,1009015,720,FWD,11,61.63636363636363,-2.213,85.0349613779445,10.575399608056781
226,1017720,472,FWD,21,61.42857142857143,-2.232,85.0349613779445,10.575399608056781
159,1008139,349,FWD,22,61.27272727272727,-2.247,85.0349613779445,10.575399608056781
113,1002228,105,FWD,15,61.266666666666666,-2.248,85.0349613779445,10.575399608056781
75,993903,581,MID,12,80.83333333333333,-2.25,102.879972203589,9.797866887539554
80,994599,607,DEF,19,75.3157894736842,-2.255,96.98531134300332,9.610427729930151
25,294469,520,DEF,22,75.31818181818181,-2.255,96.98531134300332,9.610427729930151
15,291819,470,DEF,8,75.25,-2.262,96.98531134300332,9.610427729930151
135,1005326,547,FWD,23,61.04347826086956,-2.269,85.0349613779445,10.575399608056781
107,1001017,498,FWD,23,60.95652173913044,-2.277,85.0349613779445,10.575399608056781
95,999326,310,FWD,23,60.95652173913044,-2.277,85.0349613779445,10.575399608056781
258,1023482,410,FWD,20,60.85,-2.287,85.0349613779445,10.575399608056781
103,1000860,167,FWD,20,60.75,-2.296,85.0349613779445,10.575399608056781
39,296225,551,FWD,17,60.64705882352941,-2.306,85.0349613779445,10.575399608056781
54,298288,160,DEF,23,74.82608695652173,-2.306,96.98531134300332,9.610427729930151
57,298264,448,MID,22,80.22727272727273,-2.312,102.879972203589,9.797866887539554
21,291849,158,FWD,11,60.36363636363637,-2.333,85.0349613779445,10.575399608056781
151,1006193,504,FWD,3,60.333333333333336,-2.336,85.0349613779445,10.575399608056781
47,297504,157,FWD,5,60.2,-2.348,85.0349613779445,10.575399608056781
164,1008478,584,FWD,21,59.76190476190476,-2.39,85.0349613779445,10.575399608056781
21,291969,355,MID,13,79.38461538461539,-2.398,102.879972203589,9.797866887539554
274,1027821,475,FWD,19,59.63157894736842,-2.402,85.0349613779445,10.575399608056781
135,1006058,508,DEF,23,73.69565217391305,-2.423,96.98531134300332,9.610427729930151
199,1017396,258,DEF,20,73.65,-2.428,96.98531134300332,9.610427729930151
9,290627,592,MID,13,79.07692307692308,-2.429,102.879972203589,9.797866887539554
72,993917,282,FWD,17,59.11764705882353,-2.451,85.0349613779445,10.575399608056781
149,1006144,280,FWD,22,59.09090909090909,-2.453,85.0349613779445,10.575399608056781
52,298421,181,FWD,22,59.09090909090909,-2.453,85.0349613779445,10.575399608056781
122,1002947,482,FWD,23,59.04347826086956,-2.458,85.0349613779445,10.575399608056781
181,1011243,759,FWD,4,59.0,-2.462,85.0349613779445,10.575399608056781
14,291351,402,FWD,16,59.0,-2.462,85.0349613779445,10.575399608056781
231,1027935,430,DEF,23,73.17391304347827,-2.478,96.98531134300332,9.610427729930151
232,1032108,793,MID,2,78.5,-2.488,102.879972203589,9.797866887539554
200,1017665,298,DEF,21,72.95238095238095,-2.501,96.98531134300332,9.610427729930151
118,1006096,179,MID,15,78.33333333333333,-2.505,102.879972203589,9.797866887539554
107,1000864,696,DEF,23,72.73913043478261,-2.523,96.98531134300332,9.610427729930151
57,990609,50,FWD,23,58.34782608695652,-2.524,85.0349613779445,10.575399608056781
216,1016433,334,FWD,13,58.23076923076923,-2.535,85.0349613779445,10.575399608056781
240,1020137,635,FWD,13,58.23076923076923,-2.535,85.0349613779445,10.575399608056781
264,1023640,469,FWD,10,58.0,-2.556,85.0349613779445,10.575399608056781
38,1017063,311,RUC,5,79.6,-2.566,104.16184581805271,9.57260498747328
43,296351,434,FWD,16,57.625,-2.592,85.0349613779445,10.575399608056781
4,280109,386,MID,18,77.38888888888889,-2.602,102.879972203589,9.797866887539554
66,992128,525,DEF,13,71.92307692307692,-2.608,96.98531134300332,9.610427729930151
158,1008123,381,FWD,19,57.36842105263158,-2.616,85.0349613779445,10.575399608056781
162,1008239,165,FWD,9,57.333333333333336,-2.619,85.0349613779445,10.575399608056781
250,1021152,565,FWD,3,57.333333333333336,-2.619,85.0349613779445,10.575399608056781
91,998647,135,FWD,16,57.125,-2.639,85.0349613779445,10.575399608056781
68,992351,735,MID,23,76.95652173913044,-2.646,102.879972203589,9.797866887539554
217,1023270,647,DEF,15,71.46666666666667,-2.655,96.98531134300332,9.610427729930151
133,1005053,45,FWD,12,56.916666666666664,-2.659,85.0349613779445,10.575399608056781
183,1011755,188,FWD,21,56.904761904761905,-2.66,85.0349613779445,10.575399608056781
11,291548,61,DEF,23,71.3913043478261,-2.663,96.98531134300332,9.610427729930151
17,291783,205,MID,9,76.77777777777777,-2.664,102.879972203589,9.797866887539554
131,1005247,384,DEF,16,71.3125,-2.671,96.98531134300332,9.610427729930151
49,298111,534,FWD,12,56.75,-2.675,85.0349613779445,10.575399608056781
104,1002264,612,MID,11,76.45454545454545,-2.697,102.879972203589,9.797866887539554
130,1007124,417,MID,23,76.43478260869566,-2.699,102.879972203589,9.797866887539554
126,1004364,772,FWD,16,56.4375,-2.704,85.0349613779445,10.575399608056781
211,1021031,26,DEF,20,71.0,-2.704,96.98531134300332,9.610427729930151
231,1018018,638,FWD,18,56.333333333333336,-2.714,85.0349613779445,10.575399608056781
157,1009241,109,DEF,20,70.8,-2.725,96.98531134300332,9.610427729930151
201,1017703,454,DEF,23,70.78260869565217,-2.726,96.98531134300332,9.610427729930151
178,1013224,217,DEF,16,70.6875,-2.736,96.98531134300332,9.610427729930151
27,293716,64,MID,3,76.0,-2.743,102.879972203589,9.797866887539554
106,1000998,24,FWD,17,56.0,-2.746,85.0349613779445,10.575399608056781
2,261510,322,FWD,12,56.0,-2.746,85.0349613779445,10.575399608056781
148,1006143,628,FWD,12,55.75,-2.769,85.0349613779445,10.575399608056781
2,281078,714,DEF,20,70.3,-2.777,96.98531134300332,9.610427729930151
53,298281,450,DEF,18,70.22222222222223,-2.785,96.98531134300332,9.610427729930151
12,290838,747,FWD,21,55.57142857142857,-2.786,85.0349613779445,10.575399608056781
157,1008091,650,FWD,22,55.54545454545455,-2.789,85.0349613779445,10.575399608056781
127,1004385,736,FWD,11,55.45454545454545,-2.797,85.0349613779445,10.575399608056781
6,280965,168,MID,22,75.31818181818181,-2.813,102.879972203589,9.797866887539554
34,295265,366,DEF,8,69.875,-2.821,96.98531134300332,9.610427729930151
180,1013257,265,DEF,20,69.7,-2.839,96.98531134300332,9.610427729930151
66,993771,591,FWD,13,55.0,-2.84,85.0349613779445,10.575399608056781
85,997254,150,FWD,6,54.833333333333336,-2.856,85.0349613779445,10.575399608056781
134,1005199,15,FWD,9,54.77777777777778,-2.861,85.0349613779445,10.575399608056781
40,296291,329,DEF,22,69.45454545454545,-2.865,96.98531134300332,9.610427729930151
178,1009551,595,FWD,9,54.666666666666664,-2.872,85.0349613779445,10.575399608056781
131,1004998,543,FWD,18,54.666666666666664,-2.872,85.0349613779445,10.575399608056781
110,1001438,441,FWD,23,54.608695652173914,-2.877,85.0349613779445,10.575399608056781
160,1008154,95,FWD,14,54.57142857142857,-2.881,85.0349613779445,10.575399608056781
96,998128,778,DEF,18,69.11111111111111,-2.9,96.98531134300332,9.610427729930151
168,1008747,786,FWD,10,54.3,-2.906,85.0349613779445,10.575399608056781
244,1020594,213,FWD,22,54.27272727272727,-2.909,85.0349613779445,10.575399608056781
206,1019938,799,DEF,10,68.9,-2.922,96.98531134300332,9.610427729930151
128,1004757,155,FWD,17,53.88235294117647,-2.946,85.0349613779445,10.575399608056781
46,297456,276,FWD,21,53.80952380952381,-2.953,85.0349613779445,10.575399608056781
283,1028019,71,FWD,15,53.733333333333334,-2.96,85.0349613779445,10.575399608056781
198,1013165,456,FWD,6,53.666666666666664,-2.966,85.0349613779445,10.575399608056781
266,1023784,610,FWD,15,53.53333333333333,-2.979,85.0349613779445,10.575399608056781
57,298409,239,DEF,15,68.33333333333333,-2.981,96.98531134300332,9.610427729930151
76,993905,679,MID,6,73.66666666666667,-2.982,102.879972203589,9.797866887539554
242,1020371,777,FWD,18,53.5,-2.982,85.0349613779445,10.575399608056781
207,1013973,122,FWD,23,53.47826086956522,-2.984,85.0349613779445,10.575399608056781
115,1002240,513,FWD,12,53.25,-3.006,85.0349613779445,10.575399608056781
206,1013611,246,FWD,13,53.0,-3.029,85.0349613779445,10.575399608056781
70,993799,272,MID,12,73.08333333333333,-3.041,102.879972203589,9.797866887539554
158,1012805,306,MID,15,73.06666666666666,-3.043,102.879972203589,9.797866887539554
113,1002143,195,DEF,23,67.73913043478261,-3.043,96.98531134300332,9.610427729930151
75,993979,549,FWD,3,52.666666666666664,-3.061,85.0349613779445,10.575399608056781
89,998480,781,FWD,10,52.6,-3.067,85.0349613779445,10.575399608056781
192,1012833,489,FWD,18,52.5,-3.076,85.0349613779445,10.575399608056781
61,990882,23,DEF,3,67.33333333333333,-3.085,96.98531134300332,9.610427729930151
52,298280,191,DEF,21,67.33333333333333,-3.085,96.98531134300332,9.610427729930151
278,1027925,385,FWD,22,52.22727272727273,-3.102,85.0349613779445,10.575399608056781
146,1006135,377,FWD,17,52.23529411764706,-3.102,85.0349613779445,10.575399608056781
156,1009229,313,DEF,19,67.15789473684211,-3.104,96.98531134300332,9.610427729930151
33,295203,567,DEF,22,67.13636363636364,-3.106,96.98531134300332,9.610427729930151
72,993820,744,DEF,23,67.1304347826087,-3.107,96.98531134300332,9.610427729930151
195,1012860,324,FWD,21,52.0,-3.124,85.0349613779445,10.575399608056781
276,1027899,172,FWD,10,51.9,-3.133,85.0349613779445,10.575399608056781
108,1000937,323,DEF,23,66.8695652173913,-3.134,96.98531134300332,9.610427729930151
169,1008893,460,FWD,20,51.8,-3.143,85.0349613779445,10.575399608056781
111,1001396,356,DEF,4,66.75,-3.146,96.98531134300332,9.610427729930151
147,1006137,514,FWD,8,51.75,-3.147,85.0349613779445,10.575399608056781
77,994385,758,DEF,20,66.65,-3.156,96.98531134300332,9.610427729930151
41,296355,502,DEF,22,66.36363636363636,-3.186,96.98531134300332,9.610427729930151
45,297452,185,FWD,15,51.2,-3.199,85.0349613779445,10.575399608056781
289,1032100,398,FWD,15,51.2,-3.199,85.0349613779445,10.575399608056781
143,1006100,261,FWD,17,51.1764705882353,-3.202,85.0349613779445,10.575399608056781
174,1009317,76,FWD,12,51.166666666666664,-3.203,85.0349613779445,10.575399608056781
6,280824,455,FWD,8,51.0,-3.218,85.0349613779445,10.575399608056781
184,1015370,22,DEF,23,65.95652173913044,-3.229,96.98531134300332,9.610427729930151
71,993816,516,DEF,23,65.95652173913044,-3.229,96.98531134300332,9.610427729930151
59,298419,337,MID,9,71.22222222222223,-3.231,102.879972203589,9.797866887539554
155,1006550,767,FWD,16,50.625,-3.254,85.0349613779445,10.575399608056781
142,1006030,582,FWD,14,50.57142857142857,-3.259,85.0349613779445,10.575399608056781
50,298211,56,FWD,2,50.5,-3.266,85.0349613779445,10.575399608056781
12,291720,146,DEF,20,65.6,-3.266,96.98531134300332,9.610427729930151
10,290778,682,MID,7,70.85714285714286,-3.268,102.879972203589,9.797866887539554
92,998782,716,FWD,17,50.411764705882355,-3.274,85.0349613779445,10.575399608056781
94,999321,227,FWD,20,50.4,-3.275,85.0349613779445,10.575399608056781
255,1023275,569,FWD,21,50.23809523809524,-3.29,85.0349613779445,10.575399608056781
179,1013229,800,DEF,3,65.33333333333333,-3.294,96.98531134300332,9.610427729930151
262,1023500,277,FWD,21,50.19047619047619,-3.295,85.0349613779445,10.575399608056781
87,997033,220,DEF,9,65.11111111111111,-3.317,96.98531134300332,9.610427729930151
33,295136,703,FWD,15,49.93333333333333,-3.319,85.0349613779445,10.575399608056781
92,997933,500,DEF,2,65.0,-3.328,96.98531134300332,9.610427729930151
40,296269,57,FWD,7,49.714285714285715,-3.34,85.0349613779445,10.575399608056781
143,1009380,243,MID,23,69.95652173913044,-3.36,102.879972203589,9.797866887539554
20,291848,659,FWD,16,49.4375,-3.366,85.0349613779445,10.575399608056781
233,1018335,6,FWD,15,49.266666666666666,-3.382,85.0349613779445,10.575399608056781
209,1014038,351,FWD,13,49.15384615384615,-3.393,85.0349613779445,10.575399608056781
27,294508,481,DEF,23,64.34782608695652,-3.396,96.98531134300332,9.610427729930151
101,1000068,4,FWD,7,49.0,-3.407,85.0349613779445,10.575399608056781
28,293846,636,MID,13,69.46153846153847,-3.411,102.879972203589,9.797866887539554
200,1023025,754,MID,23,69.3913043478261,-3.418,102.879972203589,9.797866887539554
121,1004034,561,DEF,23,64.08695652173913,-3.423,96.98531134300332,9.610427729930151
220,1017088,186,FWD,12,48.75,-3.431,85.0349613779445,10.575399608056781
128,1005052,785,DEF,1,64.0,-3.432,96.98531134300332,9.610427729930151
261,1023496,764,FWD,7,48.57142857142857,-3.448,85.0349613779445,10.575399608056781
150,1008882,260,DEF,23,63.82608695652174,-3.45,96.98531134300332,9.610427729930151
13,291748,36,DEF,15,63.666666666666664,-3.467,96.98531134300332,9.610427729930151
35,1011954,171,RUC,5,70.8,-3.485,104.16184581805271,9.57260498747328
132,1005000,732,FWD,23,48.17391304347826,-3.486,85.0349613779445,10.575399608056781
290,1036098,804,FWD,7,48.142857142857146,-3.488,85.0349613779445,10.575399608056781
144,1008198,674,DEF,19,63.421052631578945,-3.492,96.98531134300332,9.610427729930151
228,1026960,275,DEF,17,63.411764705882355,-3.493,96.98531134300332,9.610427729930151
148,1008454,263,DEF,8,63.375,-3.497,96.98531134300332,9.610427729930151
177,1009421,411,FWD,11,48.0,-3.502,85.0349613779445,10.575399608056781
75,993940,250,DEF,12,63.333333333333336,-3.502,96.98531134300332,9.610427729930151
89,997316,130,DEF,8,63.125,-3.523,96.98531134300332,9.610427729930151
236,1019038,353,FWD,21,47.714285714285715,-3.529,85.0349613779445,10.575399608056781
1,280317,339,RUC,12,70.33333333333333,-3.534,104.16184581805271,9.57260498747328
9,290314,371,FWD,3,47.666666666666664,-3.534,85.0349613779445,10.575399608056781
50,296733,304,MID,22,68.18181818181819,-3.541,102.879972203589,9.797866887539554
47,297473,189,DEF,20,62.95,-3.541,96.98531134300332,9.610427729930151
225,1024279,637,DEF,4,62.75,-3.562,96.98531134300332,9.610427729930151
8,281124,264,FWD,3,47.333333333333336,-3.565,85.0349613779445,10.575399608056781
117,1002347,73,DEF,14,62.714285714285715,-3.566,96.98531134300332,9.610427729930151
173,1012825,435,DEF,14,62.714285714285715,-3.566,96.98531134300332,9.610427729930151
0,271129,180,RUC,14,70.0,-3.569,104.16184581805271,9.57260498747328
215,1023167,757,DEF,23,62.56521739130435,-3.582,96.98531134300332,9.610427729930151
93,998791,761,FWD,11,47.0,-3.597,85.0349613779445,10.575399608056781
152,1009029,3,DEF,10,62.3,-3.609,96.98531134300332,9.610427729930151
58,298524,300,DEF,6,62.166666666666664,-3.623,96.98531134300332,9.610427729930151
62,991939,614,FWD,8,46.625,-3.632,85.0349613779445,10.575399608056781
211,1015332,144,FWD,12,46.583333333333336,-3.636,85.0349613779445,10.575399608056781
284,1028105,49,FWD,9,46.44444444444444,-3.649,85.0349613779445,10.575399608056781
32,295067,212,DEF,20,61.8,-3.661,96.98531134300332,9.610427729930151
7,290757,644,DEF,15,61.733333333333334,-3.668,96.98531134300332,9.610427729930151
33,1008752,38,RUC,2,69.0,-3.673,104.16184581805271,9.57260498747328
227,1017754,784,FWD,7,46.142857142857146,-3.678,85.0349613779445,10.575399608056781
219,1017087,708,FWD,19,46.10526315789474,-3.681,85.0349613779445,10.575399608056781
30,1006114,776,RUC,23,68.6086956521739,-3.714,104.16184581805271,9.57260498747328
273,1027790,617,FWD,8,45.625,-3.727,85.0349613779445,10.575399608056781
162,1009410,251,DEF,19,61.10526315789474,-3.733,96.98531134300332,9.610427729930151
212,1021353,96,DEF,16,61.0625,-3.738,96.98531134300332,9.610427729930151
23,292511,343,MID,17,65.94117647058823,-3.77,102.879972203589,9.797866887539554
119,1002795,90,DEF,19,60.68421052631579,-3.777,96.98531134300332,9.610427729930151
152,1006232,692,FWD,16,44.8125,-3.803,85.0349613779445,10.575399608056781
4,290085,705,DEF,21,60.19047619047619,-3.829,96.98531134300332,9.610427729930151
35,294613,238,MID,22,65.22727272727273,-3.843,102.879972203589,9.797866887539554
191,1012828,152,FWD,9,44.111111111111114,-3.87,85.0349613779445,10.575399608056781
138,1006203,17,DEF,16,59.75,-3.874,96.98531134300332,9.610427729930151
188,1012386,597,FWD,8,44.0,-3.88,85.0349613779445,10.575399608056781
7,281007,252,FWD,17,43.94117647058823,-3.886,85.0349613779445,10.575399608056781
282,1027971,376,FWD,13,43.76923076923077,-3.902,85.0349613779445,10.575399608056781
138,1005986,292,FWD,7,43.714285714285715,-3.907,85.0349613779445,10.575399608056781
149,1008691,346,DEF,8,59.375,-3.913,96.98531134300332,9.610427729930151
8,290550,319,MID,4,64.5,-3.917,102.879972203589,9.797866887539554
69,993480,625,DEF,15,59.333333333333336,-3.918,96.98531134300332,9.610427729930151
248,1020959,471,FWD,15,43.53333333333333,-3.924,85.0349613779445,10.575399608056781
11,290832,296,FWD,20,43.35,-3.942,85.0349613779445,10.575399608056781
214,1023708,55,MID,23,64.26086956521739,-3.942,102.879972203589,9.797866887539554
247,1020802,746,FWD,3,43.333333333333336,-3.943,85.0349613779445,10.575399608056781
224,1017255,532,FWD,14,43.285714285714285,-3.948,85.0349613779445,10.575399608056781
122,1006133,596,MID,7,64.0,-3.968,102.879972203589,9.797866887539554
39,1017128,557,RUC,3,66.0,-3.987,104.16184581805271,9.57260498747328
114,1002220,550,DEF,20,58.55,-3.999,96.98531134300332,9.610427729930151
142,1008089,164,DEF,23,58.52173913043478,-4.002,96.98531134300332,9.610427729930151
159,1012807,1,MID,18,63.611111111111114,-4.008,102.879972203589,9.797866887539554
156,1006576,751,FWD,12,42.5,-4.022,85.0349613779445,10.575399608056781
25,293813,583,FWD,4,42.5,-4.022,85.0349613779445,10.575399608056781
180,1016825,231,MID,19,63.36842105263158,-4.033,102.879972203589,9.797866887539554
198,1017122,445,DEF,16,58.0625,-4.05,96.98531134300332,9.610427729930151
197,1012881,540,FWD,6,42.166666666666664,-4.054,85.0349613779445,10.575399608056781
205,1013511,741,FWD,10,42.1,-4.06,85.0349613779445,10.575399608056781
54,298470,452,FWD,3,42.0,-4.069,85.0349613779445,10.575399608056781
100,998390,406,DEF,11,57.63636363636363,-4.094,96.98531134300332,9.610427729930151
201,1013233,91,FWD,15,41.666666666666664,-4.101,85.0349613779445,10.575399608056781
287,1029416,765,FWD,19,41.526315789473685,-4.114,85.0349613779445,10.575399608056781
104,1000887,407,FWD,4,41.5,-4.117,85.0349613779445,10.575399608056781
161,1008185,21,FWD,10,41.4,-4.126,85.0349613779445,10.575399608056781
161,1012829,505,MID,11,62.45454545454545,-4.126,102.879972203589,9.797866887539554
5,280744,393,FWD,17,40.88235294117647,-4.175,85.0349613779445,10.575399608056781
5,290307,683,DEF,18,56.833333333333336,-4.178,96.98531134300332,9.610427729930151
209,1023495,108,MID,22,61.86363636363637,-4.186,102.879972203589,9.797866887539554
233,1031829,602,DEF,7,56.714285714285715,-4.19,96.98531134300332,9.610427729930151
139,1007102,335,DEF,13,56.53846153846154,-4.209,96.98531134300332,9.610427729930151
65,992374,608,FWD,16,40.1875,-4.241,85.0349613779445,10.575399608056781
8,290797,715,DEF,5,56.2,-4.244,96.98531134300332,9.610427729930151
243,1020586,713,FWD,1,40.0,-4.258,85.0349613779445,10.575399608056781
38,296190,113,FWD,3,40.0,-4.258,85.0349613779445,10.575399608056781
194,1017086,568,DEF,18,56.05555555555556,-4.259,96.98531134300332,9.610427729930151
42,296334,104,FWD,14,39.92857142857143,-4.265,85.0349613779445,10.575399608056781
91,997846,69,DEF,14,56.0,-4.265,96.98531134300332,9.610427729930151
165,1011437,750,DEF,9,55.888888888888886,-4.276,96.98531134300332,9.610427729930151
64,991988,626,MID,13,60.92307692307692,-4.282,102.879972203589,9.797866887539554
68,993795,98,FWD,5,39.6,-4.296,85.0349613779445,10.575399608056781
222,1017114,600,FWD,14,39.57142857142857,-4.299,85.0349613779445,10.575399608056781
103,1002256,616,MID,10,60.7,-4.305,102.879972203589,9.797866887539554
267,1023785,207,FWD,7,39.42857142857143,-4.312,85.0349613779445,10.575399608056781
225,1017700,119,FWD,6,39.333333333333336,-4.322,85.0349613779445,10.575399608056781
246,1020695,225,FWD,13,39.30769230769231,-4.324,85.0349613779445,10.575399608056781
270,1027033,290,FWD,4,39.25,-4.329,85.0349613779445,10.575399608056781
215,1016189,80,FWD,4,39.25,-4.329,85.0349613779445,10.575399608056781
154,1011994,609,MID,15,60.4,-4.336,102.879972203589,9.797866887539554
118,1002401,81,DEF,17,55.1764705882353,-4.35,96.98531134300332,9.610427729930151
155,1009197,140,DEF,8,55.125,-4.356,96.98531134300332,9.610427729930151
111,1002138,506,FWD,15,38.86666666666667,-4.366,85.0349613779445,10.575399608056781
22,294013,281,DEF,3,55.0,-4.369,96.98531134300332,9.610427729930151
257,1023475,486,FWD,6,38.833333333333336,-4.369,85.0349613779445,10.575399608056781
165,1008510,102,FWD,13,38.76923076923077,-4.375,85.0349613779445,10.575399608056781
199,1022915,131,MID,2,60.0,-4.376,102.879972203589,9.797866887539554
193,1012852,499,FWD,9,38.55555555555556,-4.395,85.0349613779445,10.575399608056781
139,1009226,574,MID,17,59.64705882352941,-4.412,102.879972203589,9.797866887539554
17,291978,656,DEF,20,54.3,-4.442,96.98531134300332,9.610427729930151
22,291867,437,FWD,6,38.0,-4.448,85.0349613779445,10.575399608056781
285,1028551,485,FWD,3,38.0,-4.448,85.0349613779445,10.575399608056781
145,1008230,25,DEF,9,54.22222222222222,-4.45,96.98531134300332,9.610427729930151
143,1008159,14,DEF,7,54.142857142857146,-4.458,96.98531134300332,9.610427729930151
27,293854,248,FWD,5,37.8,-4.466,85.0349613779445,10.575399608056781
251,1023056,578,FWD,6,37.666666666666664,-4.479,85.0349613779445,10.575399608056781
126,1004995,5,DEF,15,53.86666666666667,-4.487,96.98531134300332,9.610427729930151
129,1004819,545,FWD,13,37.23076923076923,-4.52,85.0349613779445,10.575399608056781
203,1013278,156,FWD,9,37.22222222222222,-4.521,85.0349613779445,10.575399608056781
15,993902,752,RUC,4,60.75,-4.535,104.16184581805271,9.57260498747328
166,1011583,539,DEF,18,53.388888888888886,-4.536,96.98531134300332,9.610427729930151
271,1027656,244,FWD,2,37.0,-4.542,85.0349613779445,10.575399608056781
8,298144,589,RUC,3,60.666666666666664,-4.544,104.16184581805271,9.57260498747328
149,1011589,724,MID,7,58.0,-4.581,102.879972203589,9.797866887539554
7,281091,494,MID,3,58.0,-4.581,102.879972203589,9.797866887539554
168,1011985,593,DEF,18,52.77777777777778,-4.6,96.98531134300332,9.610427729930151
83,996580,229,DEF,6,52.666666666666664,-4.612,96.98531134300332,9.610427729930151
147,1008312,641,DEF,16,52.625,-4.616,96.98531134300332,9.610427729930151
260,1023494,487,FWD,13,36.07692307692308,-4.629,85.0349613779445,10.575399608056781
193,1017077,630,DEF,2,52.5,-4.629,96.98531134300332,9.610427729930151
170,1012144,484,DEF,11,52.45454545454545,-4.634,96.98531134300332,9.610427729930151
86,996743,678,DEF,21,52.42857142857143,-4.636,96.98531134300332,9.610427729930151
118,1002282,467,FWD,1,36.0,-4.637,85.0349613779445,10.575399608056781
265,1023736,299,FWD,14,35.357142857142854,-4.697,85.0349613779445,10.575399608056781
15,291357,338,FWD,12,35.333333333333336,-4.7,85.0349613779445,10.575399608056781
236,1032966,722,DEF,13,51.69230769230769,-4.713,96.98531134300332,9.610427729930151
84,996692,444,DEF,6,51.5,-4.733,96.98531134300332,9.610427729930151
175,1015777,347,MID,4,56.25,-4.759,102.879972203589,9.797866887539554
62,991773,143,DEF,18,51.22222222222222,-4.762,96.98531134300332,9.610427729930151
31,294307,615,MID,1,56.0,-4.785,102.879972203589,9.797866887539554
120,1003520,59,DEF,6,51.0,-4.785,96.98531134300332,9.610427729930151
252,1023142,748,FWD,7,34.285714285714285,-4.799,85.0349613779445,10.575399608056781
253,1023144,495,FWD,6,34.166666666666664,-4.81,85.0349613779445,10.575399608056781
100,1000061,479,FWD,3,34.0,-4.826,85.0349613779445,10.575399608056781
280,1027965,420,FWD,3,34.0,-4.826,85.0349613779445,10.575399608056781
199,1013201,196,FWD,14,33.92857142857143,-4.833,85.0349613779445,10.575399608056781
109,1004530,388,MID,11,55.36363636363637,-4.85,102.879972203589,9.797866887539554
175,1013133,654,DEF,20,50.05,-4.884,96.98531134300332,9.610427729930151
187,1015827,174,DEF,20,49.75,-4.915,96.98531134300332,9.610427729930151
69,993806,210,FWD,1,33.0,-4.92,85.0349613779445,10.575399608056781
207,1020668,224,DEF,20,49.65,-4.925,96.98531134300332,9.610427729930151
60,990816,660,DEF,5,49.6,-4.931,96.98531134300332,9.610427729930151
22,1001024,421,RUC,4,56.75,-4.953,104.16184581805271,9.57260498747328
173,1009308,573,FWD,7,32.42857142857143,-4.974,85.0349613779445,10.575399608056781
93,1000963,416,MID,10,54.1,-4.979,102.879972203589,9.797866887539554
190,1016268,94,DEF,16,48.9375,-5.0,96.98531134300332,9.610427729930151
19,293738,399,DEF,23,48.73913043478261,-5.02,96.98531134300332,9.610427729930151
249,1021108,83,FWD,3,31.666666666666668,-5.046,85.0349613779445,10.575399608056781
190,1012826,449,FWD,6,31.5,-5.062,85.0349613779445,10.575399608056781
183,1017078,554,MID,4,53.25,-5.065,102.879972203589,9.797866887539554
135,1008855,693,MID,6,53.0,-5.091,102.879972203589,9.797866887539554
286,1029262,541,FWD,1,31.0,-5.109,85.0349613779445,10.575399608056781
187,1017110,428,MID,10,52.8,-5.111,102.879972203589,9.797866887539554
12,290801,753,MID,5,52.6,-5.132,102.879972203589,9.797866887539554
234,1018424,691,FWD,6,30.666666666666668,-5.141,85.0349613779445,10.575399608056781
281,1027969,760,FWD,6,30.666666666666668,-5.141,85.0349613779445,10.575399608056781
167,1013220,237,MID,2,52.5,-5.142,102.879972203589,9.797866887539554
191,1017059,576,DEF,2,47.5,-5.149,96.98531134300332,9.610427729930151
56,298358,153,DEF,12,47.0,-5.201,96.98531134300332,9.610427729930151
177,1013197,564,DEF,15,46.86666666666667,-5.215,96.98531134300332,9.610427729930151
226,1024666,279,DEF,7,46.714285714285715,-5.231,96.98531134300332,9.610427729930151
220,1023534,2,DEF,7,46.42857142857143,-5.261,96.98531134300332,9.610427729930151
209,1020968,477,DEF,15,46.0,-5.305,96.98531134300332,9.610427729930151
230,1027877,336,DEF,1,46.0,-5.305,96.98531134300332,9.610427729930151
21,293883,303,DEF,3,45.666666666666664,-5.34,96.98531134300332,9.610427729930151
63,992048,727,FWD,2,28.5,-5.346,85.0349613779445,10.575399608056781
239,1020097,117,FWD,2,28.5,-5.346,85.0349613779445,10.575399608056781
189,1015929,699,DEF,2,45.5,-5.357,96.98531134300332,9.610427729930151
235,1018425,476,FWD,16,28.3125,-5.364,85.0349613779445,10.575399608056781
187,1012218,29,FWD,4,27.75,-5.417,85.0349613779445,10.575399608056781
228,1017933,176,FWD,10,27.2,-5.469,85.0349613779445,10.575399608056781
221,1023625,496,DEF,3,44.333333333333336,-5.479,96.98531134300332,9.610427729930151
70,993841,464,FWD,1,27.0,-5.488,85.0349613779445,10.575399608056781
98,999824,548,FWD,10,26.9,-5.497,85.0349613779445,10.575399608056781
148,1011449,774,MID,7,48.857142857142854,-5.514,102.879972203589,9.797866887539554
205,1018433,604,DEF,9,43.77777777777778,-5.536,96.98531134300332,9.610427729930151
110,1004848,512,MID,16,48.0,-5.601,102.879972203589,9.797866887539554
195,1017091,424,DEF,4,43.0,-5.617,96.98531134300332,9.610427729930151
210,1021015,254,DEF,4,43.0,-5.617,96.98531134300332,9.610427729930151
154,1009195,559,DEF,5,42.6,-5.659,96.98531134300332,9.610427729930151
5,280737,510,MID,17,47.294117647058826,-5.673,102.879972203589,9.797866887539554
175,1009385,77,FWD,2,25.0,-5.677,85.0349613779445,10.575399608056781
90,997823,771,DEF,13,42.23076923076923,-5.697,96.98531134300332,9.610427729930151
174,1012873,788,DEF,5,42.0,-5.721,96.98531134300332,9.610427729930151
197,1017118,493,DEF,1,42.0,-5.721,96.98531134300332,9.610427729930151
133,1008543,33,MID,4,46.75,-5.729,102.879972203589,9.797866887539554
34,294592,587,MID,22,45.95454545454545,-5.81,102.879972203589,9.797866887539554
180,1010708,394,FWD,2,23.5,-5.819,85.0349613779445,10.575399608056781
0,280819,579,DEF,5,40.8,-5.846,96.98531134300332,9.610427729930151
241,1020250,226,FWD,4,23.0,-5.866,85.0349613779445,10.575399608056781
186,1012127,78,FWD,1,23.0,-5.866,85.0349613779445,10.575399608056781
192,1019916,586,MID,9,45.333333333333336,-5.873,102.879972203589,9.797866887539554
211,1023533,89,MID,3,45.333333333333336,-5.873,102.879972203589,9.797866887539554
132,1005717,700,DEF,8,40.5,-5.878,96.98531134300332,9.610427729930151
263,1023542,309,FWD,2,22.5,-5.913,85.0349613779445,10.575399608056781
238,1020057,738,FWD,1,22.0,-5.961,85.0349613779445,10.575399608056781
181,1017057,743,MID,18,44.388888888888886,-5.97,102.879972203589,9.797866887539554
46,296296,773,MID,8,44.25,-5.984,102.879972203589,9.797866887539554
227,1024982,332,DEF,10,39.4,-5.992,96.98531134300332,9.610427729930151
212,1023537,308,MID,15,44.06666666666667,-6.003,102.879972203589,9.797866887539554
161,1009386,74,DEF,4,39.25,-6.008,96.98531134300332,9.610427729930151
182,1017065,39,MID,9,43.666666666666664,-6.043,102.879972203589,9.797866887539554
277,1027921,364,FWD,4,21.0,-6.055,85.0349613779445,10.575399608056781
232,1018075,13,FWD,4,20.75,-6.079,85.0349613779445,10.575399608056781
2,290246,611,RUC,2,45.5,-6.128,104.16184581805271,9.57260498747328
55,298302,112,DEF,3,38.0,-6.138,96.98531134300332,9.610427729930151
26,294472,259,DEF,3,38.0,-6.138,96.98531134300332,9.610427729930151
31,1007591,807,RUC,11,45.36363636363637,-6.142,104.16184581805271,9.57260498747328
213,1015862,383,FWD,4,19.75,-6.173,85.0349613779445,10.575399608056781
203,1018016,414,DEF,10,37.5,-6.19,96.98531134300332,9.610427729930151
235,1032629,360,DEF,4,37.25,-6.216,96.98531134300332,9.610427729930151
136,1006059,51,DEF,1,37.0,-6.242,96.98531134300332,9.610427729930151
188,1017124,806,MID,7,41.42857142857143,-6.272,102.879972203589,9.797866887539554
26,293713,269,MID,4,41.25,-6.29,102.879972203589,9.797866887539554
279,1027949,438,FWD,2,18.0,-6.339,85.0349613779445,10.575399608056781
86,997974,149,FWD,3,17.666666666666668,-6.37,85.0349613779445,10.575399608056781
33,294557,446,MID,2,39.0,-6.52,102.879972203589,9.797866887539554
190,1018123,291,MID,9,39.0,-6.52,102.879972203589,9.797866887539554
128,1007099,79,MID,6,39.0,-6.52,102.879972203589,9.797866887539554
43,1023346,240,RUC,2,41.0,-6.598,104.16184581805271,9.57260498747328
107,1002922,783,MID,7,38.0,-6.622,102.879972203589,9.797866887539554
49,297767,103,DEF,1,33.0,-6.658,96.98531134300332,9.610427729930151
222,1024023,8,DEF,7,32.714285714285715,-6.688,96.98531134300332,9.610427729930151
196,1017095,478,DEF,3,32.0,-6.762,96.98531134300332,9.610427729930151
167,1008616,572,FWD,2,13.0,-6.812,85.0349613779445,10.575399608056781
16,997142,670,RUC,1,38.0,-6.912,104.16184581805271,9.57260498747328
198,1021103,328,MID,4,34.75,-6.954,102.879972203589,9.797866887539554
219,1024188,755,MID,3,34.333333333333336,-6.996,102.879972203589,9.797866887539554
237,1020032,768,FWD,1,11.0,-7.001,85.0349613779445,10.575399608056781
125,1004985,634,DEF,4,27.5,-7.23,96.98531134300332,9.610427729930151
67,992472,235,DEF,1,27.0,-7.282,96.98531134300332,9.610427729930151
213,1022927,222,DEF,2,27.0,-7.282,96.98531134300332,9.610427729930151
176,1013153,28,DEF,1,27.0,-7.282,96.98531134300332,9.610427729930151
217,1017043,570,FWD,1,8.0,-7.284,85.0349613779445,10.575399608056781
230,1017959,613,FWD,3,6.333333333333333,-7.442,85.0349613779445,10.575399608056781
214,1022999,599,DEF,4,25.0,-7.49,96.98531134300332,9.610427729930151
202,1017718,740,DEF,1,25.0,-7.49,96.98531134300332,9.610427729930151
217,1024057,655,MID,5,28.8,-7.561,102.879972203589,9.797866887539554
234,1032017,148,DEF,1,24.0,-7.594,96.98531134300332,9.610427729930151
288,1031819,787,FWD,2,4.5,-7.615,85.0349613779445,10.575399608056781
41,295518,101,MID,1,25.0,-7.949,102.879972203589,9.797866887539554
213,1023680,404,MID,4,25.0,-7.949,102.879972203589,9.797866887539554
229,1027872,618,DEF,5,20.4,-7.969,96.98531134300332,9.610427729930151
268,1023787,698,FWD,1,0.0,-8.041,85.0349613779445,10.575399608056781
172,1012817,201,DEF,1,15.0,-8.531,96.98531134300332,9.610427729930151
223,1024096,680,DEF,2,14.0,-8.635,96.98531134300332,9.610427729930151
82,996464,284,DEF,2,8.0,-9.259,96.98531134300332,9.610427729930151
